B_actual,B_predicted,B_residual,Cu_actual,Cu_predicted,Cu_residual,Zn_actual,Zn_predicted,Zn_residual,Fe_actual,Fe_predicted,Fe_residual,S_actual,S_predicted,S_residual,Mn_actual,Mn_predicted,Mn_residual
0.3,0.4837772,-0.18377719521522523,1.8,2.1315815,-0.3315815448760986,2.1,2.3042574,-0.2042573928833007,182.7,202.37666,-19.676663208007824,23.0378360623,26.90477,-3.866933835160939,80.5,91.045265,-10.545265197753906
1.2,1.0476769,0.15232307910919185,2.3,2.234258,0.06574206352233869,5.7,5.2576976,0.44230241775512713,134.1,162.49902,-28.399023437500006,13.4211122861,22.822058,-9.400945437899024,111.7,88.697556,23.002444458007815
0.8,0.7695664,0.030433583259582564,2.5,2.6751904,-0.17519044876098633,4.4,4.0099273,0.3900727272033695,233.5,223.22404,10.275955200195312,44.4551154564,28.732508,15.722607750711525,116.6,117.793465,-1.193464660644537
0.8,0.6974836,0.10251640081405644,2.1,2.0115356,0.08846435546875009,4.6,4.3525205,0.24747953414916957,167.1,172.9756,-5.875601196289068,12.3803226895,12.27006,0.11026310392871075,99.4,103.79412,-4.394120788574213
0.7000000000000001,0.6806735,0.019326519966125555,2.5,2.649528,-0.14952802658081055,3.9,4.0140452,-0.11404523849487314,235.9,264.13174,-28.23174438476562,21.151128235,23.632761,-2.4816327665869125,90.1,86.82954,3.270463562011713
0.7000000000000001,0.78761214,-0.08761214017868035,2.7,2.780417,-0.08041696548461896,3.4,4.331593,-0.9315930366516114,187.7,197.14206,-9.442059326171886,40.2637074428,40.531822,-0.26811476178984606,101.9,98.99029,2.909712219238287
1.1,1.1127933,-0.012793326377868564,2.6,2.4563568,0.1436432361602784,10.2,7.4271836,2.772816371917724,200.2,171.55545,28.644549560546864,28.5710731908,20.403856,8.16721691333418,128.3,96.87768,31.422322082519543
0.7000000000000001,0.7019346,-0.0019345760345458318,2.7,2.5428421,0.1571578502655031,3.3,3.5838602,-0.28386015892028826,225.4,218.05275,7.347250366210943,26.5118579013,26.970573,-0.4587155239929679,77.0,72.664185,4.3358154296875
1.0,0.9651091,0.03489089012145996,2.3,2.3837013,-0.0837013244628908,5.6,5.416569,0.18343076705932582,158.5,160.28758,-1.7875823974609375,28.7732953139,25.724777,3.048518092220313,78.2,86.046135,-7.846134948730466
0.8,0.7480385,0.051961529254913374,2.8,2.963362,-0.16336197853088397,3.4,3.3976252,0.0023747920989989346,177.7,187.12248,-9.422482299804699,21.5962616075,32.55714,-10.960878742841796,115.9,100.99565,14.904348754882818
1.2,1.1603477,0.0396522998809814,2.6,2.6374288,-0.037428760528564364,4.3,5.529843,-1.2298428535461428,186.2,191.25967,-5.059674072265636,18.7811968482,22.760607,-3.97940991754707,100.3,103.79808,-3.4980804443359403
1.2,1.1383294,0.06167061328887935,2.4,2.4391942,-0.03919420242309579,12.7,5.133546,7.566454124450683,179.7,165.06203,14.637973022460926,25.5158931605,23.668776,1.8471176020283195,75.1,81.7368,-6.636801147460943
1.0,1.1732932,-0.17329323291778564,3.1,2.8336606,0.26633939743042,4.8,5.1422544,-0.34225435256958026,183.0,189.67656,-6.6765594482421875,28.5845128619,32.77603,-4.191518632240626,85.4,95.463,-10.062997436523432
1.2,1.0968764,0.10312361717224117,2.1,2.3124866,-0.21248664855957022,3.3,6.272129,-2.972129058837891,142.9,147.59325,-4.693246459960932,25.0221208976,22.861944,2.1601766989916023,73.3,89.119255,-15.819255065917972
0.6000000000000001,0.70155376,-0.10155376195907584,2.5,2.4497118,0.05028820037841797,2.3,2.997922,-0.697921943664551,215.5,199.52298,15.977020263671875,33.7201256501,31.399961,2.3201641785423845,86.3,92.40598,-6.105982971191409
0.6000000000000001,0.6544856,-0.0544855833053588,2.8,2.7068145,0.09318547248840314,2.9,3.7345424,-0.8345423698425294,196.3,165.91347,30.38653259277345,26.4587924484,40.422146,-13.963353395105859,112.0,104.07865,7.921348571777344
0.7000000000000001,0.6660413,0.03395868539810187,2.8,2.7781994,0.021800565719604315,3.2,3.871989,-0.6719890117645262,237.9,212.56294,25.337057495117193,18.7094669852,28.111206,-9.401739069487501,113.1,101.11395,11.986047363281244
0.6000000000000001,0.6475417,-0.047541701793670565,2.4,2.8241334,-0.42413339614868173,2.8,3.770911,-0.9709109783172609,196.3,173.03888,23.26112060546876,34.7410732428,39.14145,-4.400375731809376,99.8,102.84241,-3.042407226562503
0.4,0.70544946,-0.30544946193695066,2.7,2.1876128,0.5123872280120851,3.0,3.8570123,-0.8570122718811035,196.0,200.62555,-4.62554931640625,21.4247972317,33.819435,-12.394637887928905,106.9,103.33451,3.5654891967773494
0.7000000000000001,0.61738443,0.08261556625366218,2.9,2.9769661,-0.07696614265441903,8.6,7.011219,1.5887809753417965,405.0,366.59555,38.404449462890625,15.8213253267,15.003238,0.818087602395801,79.1,60.71896,18.381040191650385
1.0,0.7970308,0.20296919345855713,2.3,2.3363729,-0.03637285232543963,4.6,4.6621375,-0.06213750839233434,195.5,198.68694,-3.1869354248046875,10.6323503827,14.626872,-3.994521679983105,99.9,101.35788,-1.4578796386718693
0.5,0.63824326,-0.13824325799942017,2.8,2.126769,0.6732309341430662,2.9,3.339259,-0.43925890922546396,193.7,215.14139,-21.441387939453136,29.6255613789,25.091698,4.533863686028905,102.9,98.947105,3.952894592285162
0.6000000000000001,0.739149,-0.13914897441864005,1.9,2.0214334,-0.12143335342407235,4.3,4.669746,-0.3697459220886232,195.7,205.90344,-10.203442382812511,18.655221715,13.813664,4.841557278659668,96.9,106.55234,-9.65233764648437
0.5,0.6151509,-0.11515092849731445,2.4,2.8026586,-0.4026585578918458,6.1,8.097057,-1.9970573425292972,274.1,305.67728,-31.577276611328102,73.7617312394,20.388252,53.373478981099225,84.7,67.00209,17.69790954589844
0.5,0.669871,-0.16987097263336182,2.7,2.7759938,-0.07599382400512678,5.0,7.498595,-2.4985952377319336,273.9,329.6592,-55.75921020507815,12.164402245,16.666552,-4.5021493449658205,43.5,63.485115,-19.98511505126953
0.8,0.6260504,0.17394958734512334,3.0,2.7818847,0.21811532974243164,10.1,6.7149873,3.3850127220153805,372.2,368.07037,4.129626464843739,13.5321084035,18.483315,-4.951206110660156,57.8,51.96973,5.8302696228027315
0.7000000000000001,0.65083927,0.0491607308387757,2.4,2.5344265,-0.1344264507293702,7.9,7.2527456,0.6472543716430668,299.8,353.71622,-53.916217041015614,12.7783545547,14.980634,-2.2022791809567384,39.8,65.192215,-25.392214965820315
0.7000000000000001,0.687659,0.012340974807739324,3.8,2.5354192,1.2645807743072508,7.5,7.2529593,0.2470407485961914,344.2,353.72787,-9.527874755859386,38.3335834311,19.90373,18.429853038643948,69.7,60.011307,9.68869323730469
0.5,0.7139891,-0.21398907899856567,2.7,2.1257694,0.5742306232452394,7.7,7.321422,0.3785778999328615,243.7,285.6976,-41.997601318359386,12.5879338913,15.729819,-3.141885406490527,77.6,68.86885,8.731149291992182
0.9,0.79404175,0.10595824718475344,2.7,2.7289977,-0.028997707366943182,5.5,4.1873317,1.3126683235168457,233.9,240.20163,-6.301629638671869,19.953429085,27.531742,-7.578313010947266,95.8,95.98645,-0.18645019531250284
0.5,0.7972799,-0.29727989435195923,2.4,2.280256,0.11974396705627433,3.0,4.2747626,-1.2747626304626465,203.8,185.77698,18.02302246093751,25.8686919684,29.358467,-3.489775133650781,87.0,86.60401,0.39598846435546875
1.2,1.0705014,0.12949855327606197,2.5,2.28637,0.21362996101379395,5.0,4.493415,0.5065851211547852,198.9,159.5102,39.389807128906256,16.0382871341,23.64078,-7.602492361139259,87.2,85.142265,2.057734680175784
0.6000000000000001,0.67798686,-0.07798686027526847,2.2,2.3441865,-0.14418654441833478,3.4,4.1100926,-0.7100926399230958,189.0,185.60033,3.3996734619140625,31.0876924693,33.72127,-2.6335790455925796,102.8,98.84878,3.9512222290039034
1.0,0.9049837,0.09501630067825317,2.6,2.450056,0.1499439239501954,4.5,5.230375,-0.730374813079834,191.5,206.63876,-15.138763427734375,27.6589486919,35.51682,-7.85787030834414,69.6,67.94156,1.6584411621093693
0.7000000000000001,0.7672877,-0.06728767156600945,2.3,2.7661579,-0.46615786552429217,3.1,3.802862,-0.7028619289398192,176.4,188.0478,-11.647805786132807,49.9269506746,39.736412,10.190538626260157,78.6,98.47909,-19.87908782958985
1.1,1.0110852,0.08891484737396249,2.3,2.194382,0.10561804771423322,5.6,4.994547,0.6054531097412106,165.3,168.1723,-2.8723022460937386,36.093845395,25.774357,10.319488552958987,87.3,84.690544,2.6094558715820284
1.1,0.63261944,0.4673805594444276,3.3,2.5422797,0.7577202796936033,4.1,2.715673,1.3843270301818844,275.8,213.05286,62.74714355468751,30.8205094618,32.24688,-1.4263701158367184,106.2,96.286575,9.91342468261719
1.1,0.78541684,0.3145831584930421,2.3,2.4168432,-0.1168431758880617,5.4,4.811409,0.5885910034179691,176.7,227.82753,-51.127529907226574,28.6890416649,31.416407,-2.727364966569727,62.1,59.718,2.3820014953613295
0.8,0.7296244,0.07037560939788823,3.8,3.1061018,0.6938982486724852,14.4,6.9333787,7.46662130355835,249.3,207.28764,42.012356567382824,21.7032157758,27.235489,-5.532273115801562,98.8,82.03242,16.767582702636716
0.8,0.84038424,-0.0403842449188232,2.4,2.6504629,-0.25046286582946786,6.0,6.938478,-0.9384779930114746,240.5,248.28728,-7.7872772216796875,11.8428703928,19.649387,-7.8065169668191405,65.9,81.824936,-15.924935913085932
1.1,1.1341405,-0.034140491485595614,3.3,2.8556693,0.4443307399749754,8.6,6.67468,1.9253197669982907,298.5,264.85983,33.640167236328125,26.1039482377,35.4408,-9.336851475434766,81.5,91.73765,-10.237648010253906
1.1,0.97780573,0.12219426631927499,2.7,2.907306,-0.20730595588684064,5.1,4.860261,0.23973903656005824,218.3,271.10306,-52.803057861328114,26.178194899,23.900934,2.2772606796396495,82.9,107.989655,-25.08965454101562
0.5,0.66256934,-0.1625693440437317,2.6,2.5026262,0.09737381935119638,2.2,2.51177,-0.31177000999450666,201.4,239.23802,-37.83802185058593,24.1453079483,28.475677,-4.330369541934374,52.4,68.4197,-16.019700622558595
0.8,0.93830466,-0.13830466270446773,2.5,2.553411,-0.053411006927490234,4.7,3.8144755,0.8855244636535646,225.7,141.33531,84.36468811035155,10.0028160649,10.46035,-0.45753397172109445,64.2,65.33375,-1.1337478637695284
0.8,0.80000037,-3.6954879756301295e-07,3.1,3.133989,-0.03398909568786612,5.2,6.417612,-1.2176120758056639,205.9,203.83257,2.067434692382818,25.9658684205,38.34262,-12.376752429109374,113.7,112.84461,0.8553878784179716
0.9,0.74358904,0.1564109563827515,3.3,2.9850514,0.3149486064910887,11.3,5.192976,6.107024002075196,205.4,213.27882,-7.878823852539057,47.2909225047,23.842255,23.448667866028124,78.4,85.81418,-7.414178466796869
0.6000000000000001,0.70968074,-0.1096807360649108,1.8,1.9608577,-0.16085774898529048,2.8,3.428064,-0.6280641078948976,188.6,197.69435,-9.094351196289068,13.2882736656,10.840533,2.4477404090692385,87.8,95.03067,-7.230670166015628
0.4,0.60901356,-0.209013557434082,2.5,2.4698963,0.030103683471679688,8.3,6.923321,1.3766792297363288,437.4,314.43585,122.96414794921873,12.9769749846,17.347591,-4.370616415546484,52.3,62.629242,-10.329241943359378
1.0,1.002214,-0.0022139549255371094,2.4,2.8723855,-0.47238550186157235,5.4,5.708775,-0.3087750434875485,219.8,273.61356,-53.813555908203114,41.8726577048,30.938515,10.934142995327342,79.0,75.65275,3.3472518920898438
0.9,0.8169464,0.08305361270904543,2.6,2.467898,0.13210210800170907,4.4,3.9032981,0.4967018604278568,181.1,190.76993,-9.66992797851563,25.0790849076,31.158033,-6.078948463371681,85.3,85.14174,0.15826110839843466
0.8,0.8151306,-0.015130591392517045,2.7,2.543691,0.15630908012390154,2.3,1.9882944,0.31170563697814924,217.7,204.04767,13.652331542968739,33.859895496600004,35.846745,-1.986849040753512,80.8,76.79868,4.001316833496091
1.3,1.1649317,0.1350683450698853,3.0,2.8049953,0.19500470161437988,5.7,9.213686,-3.5136859893798826,217.4,243.27167,-25.871667480468744,43.4819947485,33.38589,10.09610378780664,94.7,89.26573,5.434268188476565
1.1,1.0151752,0.08482477664947519,2.4,2.4614053,-0.061405277252197354,3.5,4.1131997,-0.6131997108459473,111.2,169.05785,-57.857846069335935,13.3305696543,11.531365,1.7992042597077145,74.9,61.649418,13.25058212280274
0.6000000000000001,0.6072657,-0.007265710830688388,2.6,2.8093216,-0.20932164192199698,6.1,7.538325,-1.4383248329162601,298.9,306.89386,-7.993859863281273,10.2464915011,19.033087,-8.786595275633399,64.3,65.611916,-1.311915588378909
0.7000000000000001,0.7255293,-0.025529313087463312,2.0,2.2231703,-0.22317028045654297,4.3,4.307434,-0.007434082031250178,172.1,199.20168,-27.101675415039068,10.8662991849,10.99116,-0.12486120786122967,84.1,93.64484,-9.544836425781256
1.1,1.1359075,-0.035907530784606845,2.3,2.679457,-0.37945694923400897,6.1,6.3749747,-0.2749747276306156,272.9,223.64084,49.2591613769531,40.833714351,35.113598,5.720116481126951,95.5,85.36756,10.132438659667969
1.1,1.0860025,0.013997530937194913,2.4,2.3890507,0.010949277877807528,4.7,5.247975,-0.5479748725891112,175.9,192.00275,-16.102746582031244,17.7678877685,23.517248,-5.749360385186524,106.8,88.71854,18.081463623046872
0.8,0.77593094,0.02406905889511113,1.9,2.2385614,-0.3385613918304444,2.2,2.071802,0.12819809913635272,222.3,210.86522,11.434780883789074,27.0066035234,31.003767,-3.9971634901498057,76.6,72.08609,4.513909912109369
1.2,1.0960194,0.10398061275482173,2.8,2.6444013,0.15559868812561017,8.5,8.06414,0.43585968017578125,173.5,191.6315,-18.131500244140625,25.6983339039,23.699116,1.999218150726172,77.8,92.44829,-14.64828796386719
1.9,1.13204,0.767959976196289,2.9,2.7742813,0.12571873664855948,5.7,4.8667855,0.8332144737243654,180.1,178.92862,1.1713806152343693,28.0170648057,25.063501,2.953563447667772,94.2,86.08081,8.119189453125003
0.5,0.7111889,-0.2111889123916626,2.1,2.8839629,-0.783962869644165,6.4,7.6946697,-1.2946697235107418,309.9,301.8302,8.069799804687477,8.831189866,18.098732,-9.267542128628905,39.5,63.844215,-24.344215393066406
0.6000000000000001,0.7769472,-0.17694720029830924,2.5,2.6177006,-0.11770057678222656,3.5,3.5589232,-0.05892324447631836,172.9,172.50298,0.3970245361328182,25.339717871,40.316177,-14.976459497164061,96.9,93.35242,3.5475830078125057
1.1,0.9284218,0.1715782046318055,2.4,2.6686149,-0.2686148643493653,5.4,5.656325,-0.25632486343383754,193.5,253.22813,-59.72813415527344,35.212989108,29.93998,5.273009554777346,74.8,69.78559,5.014408874511716
0.9,0.8169326,0.08306738138198855,2.9,2.5949156,0.30508437156677237,4.4,3.9786108,0.42138924598693883,264.0,219.83884,44.161163330078125,28.3490905851,25.335186,3.013904580461329,90.9,99.34015,-8.440148925781244
0.8,0.78894305,0.011056947708129927,3.4,3.0804214,0.31957855224609366,7.2,7.8889294,-0.6889293670654295,220.7,215.8537,4.846301269531239,11.1302104408,23.481493,-12.35128255541582,84.6,82.96738,1.6326232910156193
0.9,0.7915378,0.10846217870712282,2.6,2.4006681,0.19933185577392587,6.4,6.9818454,-0.5818453788757321,232.8,251.67502,-18.875018310546864,9.7380948126,11.752705,-2.014609807761328,52.7,77.76471,-25.064709472656247
0.5,0.57464755,-0.07464754581451416,2.0,2.0514855,-0.051485538482666016,1.8,2.1352274,-0.3352274417877197,197.1,195.30107,1.7989288330078068,21.8089090858,18.985346,2.8235632453458983,69.2,72.21921,-3.019207763671872
1.0,0.82981527,0.17018473148345947,2.1,2.4056942,-0.30569424629211417,3.0,2.8521967,0.14780330657958984,214.5,218.4077,-3.9076995849609375,25.274544796,33.345848,-8.071303287496093,85.4,75.640594,9.75940551757813
1.4,1.2384104,0.16158964633941642,3.0,3.1155534,-0.11555337905883789,7.5,7.2140436,0.28595638275146484,239.3,227.05469,12.245312500000011,30.816089465,30.211046,0.6050432461279307,97.8,97.92051,-0.12050933837890909
1.0,0.91000104,0.08999896049499512,2.2,2.0677366,0.13226337432861346,4.5,3.714995,0.7850050926208496,199.0,190.39188,8.608123779296875,12.1926535722,14.038703,-1.8460493925827155,116.4,97.9894,18.410597229003912
1.0,1.1222546,-0.12225461006164551,2.4,2.5932434,-0.19324336051940927,3.9,5.8234754,-1.9234753608703614,166.7,167.31006,-0.6100585937500114,22.590048986,23.435434,-0.8453853554306647,77.0,90.702126,-13.702125549316406
0.6000000000000001,0.7562561,-0.1562561035156249,3.3,2.8807437,0.4192562580108641,3.7,7.657215,-3.957215118408203,196.3,200.57132,-4.271319580078114,32.1879896312,33.167572,-0.9795823902843779,75.9,81.01611,-5.116113281249994
1.1,0.9978332,0.10216680765151986,2.4,2.5205216,-0.12052164077758798,3.9,4.197536,-0.29753599166870126,178.4,176.03636,2.363638305664068,13.4064887695,10.606099,2.8003896407768547,61.4,64.456116,-3.0561157226562514
1.2,0.98766464,0.21233536005020137,2.7,2.5093544,0.19064564704895037,4.0,4.0638733,-0.063873291015625,169.9,173.77495,-3.874948120117182,14.5307428684,14.567201,-0.03645779230556556,67.4,74.00732,-6.607316589355463
1.0,1.0133184,-0.013318419456481934,2.4,2.3729382,0.027061843872070224,4.1,4.940992,-0.8409918785095218,144.0,152.09055,-8.090545654296875,24.2161494829,23.978294,0.23785511034140683,73.7,88.03711,-14.337109374999997
0.9,0.8681694,0.03183057308197024,3.4,3.0679576,0.33204236030578604,6.6,6.601741,-0.001740837097168324,189.7,191.55092,-1.8509185791015739,18.8554538168,19.121868,-0.2664143167449211,79.5,82.115425,-2.6154251098632812
1.1,1.0197245,0.08027551174163827,2.2,2.478926,-0.2789259433746336,5.0,4.8819056,0.11809444427490234,144.9,141.36046,3.539541625976568,30.5325673589,23.103098,7.429469443250586,107.0,87.63106,19.368942260742188
0.4,0.5981222,-0.1981221795082092,2.0,2.8579757,-0.8579757213592529,4.0,7.5740905,-3.5740904808044434,297.9,333.80783,-35.9078308105469,8.1755290822,14.714119,-6.538589875319531,33.4,63.222385,-29.822385406494142
0.8,0.7701824,0.029817628860473677,3.2,3.0862105,0.11378951072692889,5.6,5.368315,0.23168478012084925,215.8,209.55754,6.242459106445324,35.1005102217,32.56057,2.539940458516405,116.5,108.457664,8.042335510253906
1.3,1.2252474,0.07475261688232426,2.3,2.3750668,-0.07506675720214862,4.5,5.0590343,-0.5590343475341797,141.1,151.83766,-10.737661743164068,18.9617621829,21.984,-3.0222370694193366,82.6,91.49305,-8.893049621582037
1.1,1.1482307,-0.048230671882629306,2.3,2.4526193,-0.15261931419372576,6.1,6.0832176,0.01678237915039027,158.7,164.69173,-5.991726684570324,26.1951071657,22.012514,4.182593051320119,72.3,87.033646,-14.733645629882815
0.8,0.65517765,0.1448223471641541,2.8,2.666671,0.13332896232604963,3.7,2.7612488,0.9387511730194094,218.5,205.65274,12.847259521484375,22.4761143165,28.123669,-5.647554354154298,114.1,90.460205,23.639794921874994
0.9,1.0365227,-0.13652274608612058,2.4,2.2924373,0.1075626850128173,6.2,5.3365693,0.863430690765381,139.7,148.9821,-9.282101440429699,24.1344164828,24.463045,-0.32862863743925885,87.8,86.61921,1.180790710449216
0.7000000000000001,0.7898392,-0.08983920812606805,2.1,2.6860087,-0.5860086917877196,2.9,4.2715592,-1.371559238433838,194.3,210.38245,-16.08244628906249,29.3088036761,26.764988,2.5438157305433577,74.3,92.92233,-18.622332763671878
1.2,1.0826814,0.11731858253479,3.4,2.243864,1.1561359405517577,5.8,5.2142696,0.5857303619384764,302.4,154.15405,148.24594726562498,35.098579033,22.658567,12.440011604411133,106.9,85.27273,21.627272033691412
0.8,0.7522488,0.04775117635726933,2.2,2.3245504,-0.1245503902435301,2.1,3.0556457,-0.9556457042694091,219.1,196.66594,22.434060668945307,49.0417344491,30.317484,18.72425054712246,101.3,84.92424,16.37575988769531
1.0,1.0357753,-0.03577530384063721,2.6,2.9199069,-0.3199068546295165,6.8,6.9993196,-0.19931955337524432,300.2,232.06902,68.1309844970703,20.5048016504,29.761168,-9.256365875845116,84.8,94.133545,-9.333544921875003
0.7000000000000001,0.70274097,-0.0027409672737120916,2.6,2.9371362,-0.3371361732482909,2.8,3.3294609,-0.5294608592987062,168.1,191.88762,-23.787619018554693,25.3071718673,33.238594,-7.931422187875782,127.2,111.405075,15.794924926757815
1.2,1.076114,0.12388594150543208,3.7,2.7217753,0.9782247066497805,6.8,6.313054,0.4869459152221678,207.9,228.59175,-20.691751098632807,34.1221605726,33.461956,0.6602045484300803,94.8,82.8408,11.959202575683591
1.0,0.83358276,0.16641724109649658,2.8,2.7002993,0.09970073699951154,4.3,5.18472,-0.884720039367676,230.1,249.39993,-19.29993286132813,31.0133367247,26.373749,4.639587945403125,120.8,104.49921,16.300793457031247
0.7000000000000001,0.8565234,-0.1565233945846557,2.8,2.8167791,-0.01677913665771502,5.0,5.305098,-0.3050980567932129,279.2,235.06862,44.131381225585926,16.6196649647,23.631594,-7.011928739523633,71.0,93.866,-22.865997314453125
1.0,0.9474621,0.05253791809082031,2.2,2.4414449,-0.24144487380981428,5.6,5.068302,0.531697845458984,188.4,188.35365,0.046347045898443184,34.099490515,25.314423,8.785067907578124,103.1,98.91715,4.182847595214838
1.1,0.8746191,0.22538087368011483,2.3,2.4738064,-0.17380638122558612,5.1,4.366462,0.7335377693176266,157.7,183.69388,-25.993878173828136,26.6466669283,22.967937,3.6787294588175783,88.1,86.840546,1.2594543457031193
0.6000000000000001,0.6094852,-0.009485208988189608,2.4,2.6493392,-0.2493391990661622,6.2,5.8340597,0.3659402847290041,313.4,274.0983,39.30170288085935,14.042670278,16.109991,-2.067320795608399,77.7,64.15155,13.548449707031253
0.5,0.5547327,-0.054732680320739746,2.4,2.20393,0.19607009887695304,3.1,3.5002255,-0.40022554397583,181.5,209.74889,-28.248886108398438,36.8441633434,30.283949,6.5602144450845685,114.9,101.69919,13.20081176757813
0.5,0.66871744,-0.16871744394302368,2.4,2.5923812,-0.19238123893737802,5.8,7.220903,-1.4209029197692873,419.9,355.04492,64.85507812499998,35.9706981093,26.749638,9.221060505540237,65.1,50.831654,14.268346405029291
0.6000000000000001,0.7026582,-0.10265817642211905,2.4,2.4686646,-0.06866464614868173,7.0,6.4113646,0.5886354446411133,233.4,238.01358,-4.613580322265619,10.3618548978,19.730047,-9.368192328152148,74.5,72.51276,1.98724365234375
0.7000000000000001,0.9779634,-0.27796338796615594,2.4,2.5104582,-0.11045823097229013,4.5,4.0910997,0.40890026092529297,177.0,177.69879,-0.69879150390625,10.2303399188,11.003497,-0.7731572049182613,57.0,68.06621,-11.066207885742188
1.2,1.1819162,0.01808376312255855,2.5,2.805775,-0.3057749271392822,7.6,7.2808013,0.3191987037658688,237.1,244.38223,-7.282232666015631,45.1874788111,37.912636,7.274843007877344,111.9,94.40509,17.494909667968756
0.9,0.7371216,0.16287841796875002,2.2,2.4762347,-0.2762346744537352,8.4,7.3164864,1.0835136413574222,259.2,289.28995,-30.089947509765636,15.6720196189,28.698515,-13.026495319454492,86.5,61.76903,24.730968475341797
0.5,0.64863604,-0.14863604307174683,3.0,2.8182065,0.1817934513092041,5.9,8.3938265,-2.4938264846801754,275.2,286.69437,-11.494366455078136,27.0163253483,16.204485,10.811840408724805,69.3,64.609055,4.69094543457031
0.8,0.7552419,0.04475812911987309,2.0,2.4551053,-0.4551053047180176,7.9,7.164113,0.7358869552612308,270.1,308.3788,-38.2788146972656,12.0039908652,13.428543,-1.424552225620312,75.2,84.94089,-9.740887451171872
1.0,0.87721705,0.12278294563293457,2.7,2.4555569,0.24444313049316424,7.4,6.7478223,0.652177715301514,162.8,197.00485,-34.204852294921864,23.2597453084,26.128395,-2.868649772166407,100.0,92.00408,7.995918273925781
0.8,0.9669348,-0.1669348001480102,2.6,2.455869,0.1441310405731202,4.2,4.0642357,0.1357643127441408,231.8,190.85318,40.946820068359386,10.5826057851,11.073072,-0.4904666483716795,63.5,63.93634,-0.43634033203125
0.6000000000000001,0.5956562,0.004343783855438321,2.2,2.2711759,-0.0711758613586424,2.0,2.0384374,-0.0384373664855957,222.8,217.28914,5.510861206054699,31.5681375386,31.911135,-0.3429971812486343,61.4,62.917465,-1.517465209960939
1.3,1.1506798,0.14932017326354985,2.6,2.3583217,0.2416783332824708,5.1,4.490927,0.6090727806091305,156.8,171.35481,-14.554812622070301,26.164075938,24.087996,2.076080408825195,109.6,93.022125,16.57787475585937
0.9,0.8944034,0.005596601963043235,2.8,2.5270298,0.2729702472686766,4.6,4.645488,-0.045487785339355824,230.2,167.876,62.323992919921864,9.4895664636,11.213911,-1.7243445929185555,71.1,65.61977,5.480233764648432
0.7000000000000001,0.715339,-0.015339004993438654,2.0,1.995627,0.004372954368591309,4.6,4.6850996,-0.08509960174560582,229.0,209.72148,19.278518676757812,10.8116433613,12.501426,-1.6897823818030275,115.0,104.8147,10.185302734375
0.4,0.5521714,-0.1521714091300964,2.2,2.2011611,-0.001161146163940252,2.3,2.345835,-0.04583497047424334,219.6,219.74788,-0.14787902832031818,25.1693518791,25.971512,-0.8021599617203137,51.4,72.64745,-21.24745330810547
0.5,0.6243059,-0.12430590391159058,2.8,2.7280443,0.07195572853088361,5.2,9.019909,-3.8199089050292967,271.6,302.49484,-30.894842529296852,14.5330606261,17.9856,-3.4525388917222664,45.5,66.006645,-20.50664520263672
0.9,0.8446946,0.05530538558959963,4.3,3.4251912,0.8748088359832762,14.3,9.234383,5.0656173706054695,276.7,218.27663,58.423373413085926,21.0378804504,22.88463,-1.8467497528470709,102.9,108.88833,-5.988328552246088
1.3,1.3756902,-0.07569022178649898,3.1,2.6829271,0.41707286834716806,6.5,4.5540104,1.9459896087646484,308.4,288.8359,19.564093017578102,32.9139672901,30.096674,2.8172933246458953,144.3,129.96072,14.339276123046886
0.4,0.48469397,-0.08469397425651548,2.0,2.1650882,-0.16508817672729492,3.1,4.1822786,-1.0822786331176757,193.2,188.72522,4.474780273437489,24.8142355304,28.306866,-3.4926301617386706,110.7,102.624954,8.07504577636719
0.8,0.773336,0.026664006710052535,3.1,3.0589895,0.041010475158691495,5.0,5.164683,-0.16468286514282227,206.2,186.94,19.25999755859374,50.6709503684,35.188488,15.482462361808203,123.5,114.58302,8.916976928710938
0.7000000000000001,0.7292885,-0.029288518428802424,2.3,2.5382395,-0.23823947906494158,3.1,2.8785193,0.22148070335388192,216.9,201.486,15.41400756835938,28.8955309585,31.630665,-2.735133866939453,87.7,103.40761,-15.70760803222656
0.6000000000000001,0.63614416,-0.036144161224365146,3.2,2.8077242,0.3922757625579836,7.5,6.9814434,0.5185565948486328,337.5,340.31012,-2.81011962890625,15.4134984099,16.48851,-1.0750117219359367,66.7,70.86442,-4.164418029785153
0.6000000000000001,0.74527085,-0.14527084827423087,2.1,2.3946648,-0.2946647644042968,2.2,3.482927,-1.282927083969116,182.4,197.82326,-15.423257446289057,28.428427766,26.885096,1.543332169686522,92.1,82.176414,9.9235855102539
0.7000000000000001,0.7726603,-0.07266031503677362,2.7,3.121465,-0.42146496772766096,3.7,4.6927986,-0.992798614501953,179.2,192.57527,-13.375271606445324,48.5976147758,32.06286,16.534756194257028,101.6,108.1261,-6.526098632812506
0.5,0.6034059,-0.1034058928489685,3.0,2.7165594,0.28344058990478516,5.9,7.201347,-1.3013468742370602,275.2,299.29974,-24.09974365234376,27.0163253483,19.573586,7.442739838046094,69.3,68.111244,1.188755798339841
1.0,1.0152702,-0.015270233154296875,2.5,2.5188572,-0.018857240676879883,3.7,3.442651,0.2573489665985109,182.9,171.25337,11.646627807617193,11.9912627959,14.716596,-2.7253328538192374,63.3,72.79986,-9.499858093261722
0.7000000000000001,0.676558,0.023441982269287176,2.6,2.457463,0.14253697395324716,3.1,3.2668815,-0.16688146591186515,258.2,225.74368,32.456317138671864,40.018939408,29.736038,10.282901199992189,134.8,120.26764,14.532360839843761
1.2,1.2193571,-0.019357132911682173,2.4,2.3887787,0.011221313476562411,4.8,5.5977883,-0.7977883338928224,156.3,154.08086,2.219143676757824,25.3598502127,22.093027,3.2668230978318356,90.3,92.16585,-1.8658477783203153
0.9,0.7511476,0.14885237216949465,3.9,2.5728667,1.3271333217620849,7.0,4.470871,2.5291290283203125,296.3,324.29926,-27.99925537109374,17.4465787284,30.133715,-12.687135947503322,104.2,81.53835,22.66164703369141
0.8,0.85764694,-0.05764694213867183,2.6,2.6558654,-0.05586543083190909,4.1,3.7781875,0.3218124866485592,204.8,206.61533,-1.8153259277343636,22.7322198414,33.578533,-10.846313331207423,111.1,119.35766,-8.257658386230474
0.6000000000000001,0.56104016,0.038959836959838956,2.2,2.5053527,-0.305352735519409,2.1,2.3172987,-0.21729865074157706,218.7,222.41019,-3.7101867675781364,21.4786600278,30.716425,-9.237764914216601,84.0,108.40317,-24.403167724609375
0.7000000000000001,0.78383404,-0.08383404016494744,2.9,2.8721201,0.027879858016967685,4.3,3.9081442,0.3918557643890379,188.0,188.83656,-0.8365631103515625,32.4808608663,40.98942,-8.508560978182423,116.2,102.645706,13.55429382324219
1.1,1.1209128,-0.020912790298461825,2.4,2.0844867,0.3155132770538329,2.9,2.8475473,0.052452707290649325,169.4,182.42548,-13.025476074218744,16.2973409239,21.61697,-5.319629138355861,81.3,91.2247,-9.924700927734378
1.0,0.9424312,0.05756878852844238,2.9,2.812119,0.08788099288940421,6.6,5.5517383,1.048261737823486,267.2,251.75208,15.447924804687489,36.1362140429,29.383207,6.7530067217330085,76.0,75.24528,0.7547225952148438
1.3,1.1545032,0.14549677371978764,2.1,2.4839566,-0.38395657539367667,5.3,4.8553395,0.44466047286987287,160.5,158.97092,1.529083251953125,20.0196959313,22.437164,-2.4174683753406256,80.3,89.63925,-9.339251708984378
0.7000000000000001,0.7445366,-0.04453657865524285,2.4,2.5265365,-0.1265364646911622,2.7,3.495094,-0.795094060897827,173.1,196.23793,-23.137930297851568,29.7705087803,31.05146,-1.2809514858132829,74.6,82.081566,-7.481565856933599
0.6000000000000001,0.7094432,-0.10944321155548087,2.2,2.5000453,-0.3000452995300291,5.6,6.382932,-0.7829321861267093,260.7,272.67438,-11.974377441406261,22.9972152064,16.104147,6.893068249002539,73.8,70.593254,3.2067459106445284
0.7000000000000001,0.61704415,0.08295584917068488,3.0,2.2006404,0.7993595600128174,2.7,2.1864955,0.5135044574737551,235.4,232.76357,2.636434936523443,30.5901195221,25.323357,5.266762893682031,82.8,70.00313,12.796871948242185
0.6000000000000001,0.6856422,-0.08564218282699576,2.0,2.4247904,-0.4247903823852539,2.4,2.9080987,-0.5080986976623536,151.2,184.17407,-32.97407226562501,17.5986213255,25.598589,-7.999967617981444,62.1,71.59834,-9.498342895507811
0.7000000000000001,0.63119125,0.06880874633789069,3.2,2.6193109,0.5806891441345217,6.9,6.135786,0.7642139434814457,451.6,272.39404,179.20595703125002,15.911173469,15.993246,-0.08207260949121142,53.5,64.42496,-10.924957275390625
0.7000000000000001,0.48737496,0.21262503862380988,2.8,2.592134,0.2078660011291502,8.7,2.5140634,6.1859366416931145,223.0,212.95454,10.045455932617188,66.9917556663,33.77755,33.21420592264765,88.4,85.40689,2.9931091308593807
0.5,0.6386857,-0.1386857032775879,3.1,2.6909552,0.40904483795166025,7.1,8.735232,-1.6352323532104496,317.0,366.41345,-49.4134521484375,15.183619485,14.510526,0.6730937815698237,87.1,61.28843,25.811570739746088
0.8,0.76477295,0.03522704839706425,1.8,2.2031128,-0.4031128406524658,2.0,3.4173431,-1.4173431396484375,170.7,195.87744,-25.17744140625001,33.8623665392,27.41473,6.447636467178519,74.0,72.522194,1.4778060913085938
0.9,0.58906287,0.3109371304512024,2.0,2.5919502,-0.5919501781463623,6.0,6.839225,-0.8392248153686523,240.4,268.62274,-28.222741699218744,13.291363666,14.304401,-1.0130377317050776,52.4,59.10394,-6.703939056396486
1.2,1.1596917,0.04030830860137935,2.3,2.3651226,-0.06512255668640154,5.5,4.807551,0.6924490928649902,150.3,150.1457,0.15429382324219887,18.6391295314,23.206453,-4.5673237919642595,103.5,94.78638,8.713623046875
0.9,0.61638975,0.28361024856567385,3.6,2.9993637,0.6006363391876222,10.9,6.0113993,4.8886007308959964,419.3,376.26782,43.03217773437501,27.3474072447,25.033558,2.313849352854298,69.2,62.56516,6.634841156005862
0.8,0.70442075,0.09557925462722783,2.3,2.2829595,0.01704053878784162,5.7,6.526366,-0.8263662338256834,230.3,265.8702,-35.570208740234364,10.7014184512,12.791489,-2.090070196260937,79.7,79.446884,0.25311584472656534
0.8,0.8071961,-0.007196080684661821,3.2,3.2330248,-0.033024835586547674,4.7,5.4771643,-0.7771642684936522,229.0,217.20255,11.797454833984375,43.6597677991,37.634937,6.0248305127230495,121.2,116.523155,4.676844787597659
0.6000000000000001,0.63160884,-0.03160884380340567,2.3,2.2009099,0.09909014701843244,3.5,3.6988907,-0.19889068603515625,186.0,198.91852,-12.91851806640625,32.8612745656,33.511967,-0.6506921397222669,112.6,102.27039,10.329606628417963
1.1,0.80954236,0.29045764207839975,2.8,2.2980642,0.5019357681274412,7.4,6.967487,0.43251314163208043,462.6,297.1631,165.43691406250002,28.3932917928,16.587854,11.805437407424023,152.3,72.370094,79.9299057006836
0.6000000000000001,0.67090964,-0.07090964317321768,3.2,2.822511,0.37748904228210467,3.6,5.529923,-1.9299229621887206,211.7,202.25038,9.449618530273426,48.3302690802,52.5608,-4.230529564819534,89.7,101.43054,-11.730541992187497
0.8,0.8109933,-0.010993313789367631,2.1,2.0469685,0.053031539916992276,5.1,4.623831,0.4761692047119137,184.7,166.33252,18.36748046874999,12.7774722142,10.385088,2.392384247281054,97.4,104.25299,-6.852990722656244
0.9,0.8263777,0.0736223101615906,2.8,2.8963027,-0.09630270004272479,6.5,5.8498955,0.6501045227050781,247.0,301.12222,-54.122222900390625,42.5122946342,30.934885,11.57740960917559,71.2,71.69933,-0.4993331909179659
1.2,1.1747817,0.025218319892883256,2.6,2.4553256,0.14467439651489267,4.9,6.311072,-1.4110718727111813,160.8,169.21092,-8.410922241210926,25.3352306453,21.882221,3.453009423376173,95.5,89.2299,6.270103454589844
1.0,0.8039388,0.19606119394302368,2.8,2.7237048,0.07629518508911115,7.4,5.6982837,1.7017163276672367,236.8,207.30069,29.499310302734386,29.6990295022,29.368267,0.3307624428738265,73.7,91.812256,-18.112255859374997
1.0,1.0303837,-0.030383706092834473,2.8,3.0738385,-0.2738384723663332,6.9,8.133018,-1.233017539978027,229.9,230.54716,-0.6471649169921818,31.9923124618,39.31346,-7.3211488419109365,105.2,108.9451,-3.745098876953122
1.2,1.135447,0.06455297470092769,2.8,2.6701376,0.1298623561859129,4.9,6.567489,-1.667489147186279,210.4,222.30055,-11.900552368164057,30.2098639472,30.249643,-0.03977937860566527,79.7,83.179184,-3.4791839599609347
1.2,1.1040063,0.09599370956420894,2.5,2.6637628,-0.16376280784606934,4.1,5.86147,-1.7614702224731449,189.5,178.5003,10.99969482421875,23.4213919456,21.715914,1.7054781730169921,83.7,90.155365,-6.455364990234372
0.7000000000000001,0.790568,-0.09056799411773675,2.0,2.2439783,-0.24397826194763184,4.1,4.4794483,-0.37944831848144567,230.6,215.39873,15.201272583007807,27.4668298681,23.385843,4.0809865911224605,85.7,69.389336,16.310664367675784
0.9,1.063615,-0.16361496448516843,2.1,2.320289,-0.22028889656066886,4.4,5.6622744,-1.262274360656738,149.3,162.25552,-12.955523681640614,26.6624895969,28.891787,-2.229296978417384,82.0,89.409805,-7.4098052978515625
0.4,0.6198238,-0.2198238134384155,2.4,2.3904936,0.009506368637084872,2.7,3.672566,-0.9725659370422362,249.8,217.77406,32.02593688964845,16.0393506163,28.049313,-12.009961975252736,93.6,102.59261,-8.99261322021485
1.2,1.0696007,0.13039929866790767,2.6,2.480727,0.1192730426788331,4.3,5.2946153,-0.9946152687072756,147.0,148.98892,-1.988922119140625,20.1391672894,22.60731,-2.4681420520306645,108.0,84.07404,23.92595672607422
0.4,0.83906966,-0.439069664478302,1.8,2.5297568,-0.7297567844390869,1.9,3.4799945,-1.579994535446167,168.0,196.34576,-28.34576416015625,29.9552742516,38.069534,-8.114260050157814,86.0,95.54998,-9.549980163574219
0.6000000000000001,0.6308782,-0.030878210067748935,2.5,2.9295404,-0.42954039573669434,7.2,7.1836886,0.016311359405517756,276.9,361.15097,-84.2509704589844,12.8276725308,25.97359,-13.145918320030079,67.5,59.373867,8.12613296508789
0.7000000000000001,0.82075906,-0.12075905799865716,2.5,2.6221209,-0.12212085723876953,3.6,3.1117313,0.48826870918273935,204.0,188.76733,15.232666015625,32.3253822744,33.86457,-1.5391883432757822,112.1,97.88181,14.218186950683588
0.3,0.58838683,-0.28838683366775514,2.3,2.677684,-0.37768406867980975,2.3,3.3225322,-1.0225321769714357,207.3,198.7004,8.599606323242199,46.0945589459,44.135536,1.9590227520523413,82.1,99.93451,-17.834509277343756
0.8,0.8196019,-0.01960189342498775,2.2,2.272193,-0.07219295501708967,6.0,6.4212947,-0.4212946891784668,249.2,242.63368,6.566317749023426,15.2648891187,15.043939,0.22095048192021416,72.7,70.18281,2.5171920776367216
1.2,1.1106284,0.08937163352966304,2.5,2.451249,0.048751115798950195,6.0,5.5555444,0.444455623626709,145.3,168.0325,-22.732501220703114,22.4697772331,23.896769,-1.4269913368462888,80.6,82.75966,-2.159658813476568
0.4,0.62975353,-0.22975353002548216,2.6,2.5828643,0.01713571548461923,4.2,3.170085,1.0299150466918947,231.0,181.83649,49.16351318359375,46.5177259934,33.208076,13.309649516349218,89.8,90.62582,-0.8258163452148466
1.2,1.159095,0.04090495109558101,2.4,2.6662505,-0.26625046730041513,8.5,6.333192,2.1668081283569336,177.1,181.08707,-3.9870666503906307,21.7950392696,25.180712,-3.38567247661582,87.8,99.299805,-11.499804687500003
0.8,0.73904246,0.06095753908157353,2.6,2.9789612,-0.37896122932434073,4.2,3.9624312,0.2375688076019289,170.6,222.33638,-51.73638000488282,49.3250465712,41.665558,7.659488709871873,87.0,112.95352,-25.953521728515625
0.8,0.79036796,0.009632039070129439,3.3,3.3077028,-0.007702779769897639,4.3,4.6758657,-0.37586565017700213,224.0,199.48692,24.513076782226562,35.3558586532,35.924183,-0.568324238645701,124.9,110.09693,14.803068542480474
1.2,1.1024301,0.09756989479064937,2.5,2.5623784,-0.0623784065246582,4.8,6.2603993,-1.4603993415832521,172.2,189.7237,-17.52369384765626,20.8224895451,24.147923,-3.325432970769139,90.0,82.24596,7.7540435791015625
1.4,1.1092283,0.2907717466354369,2.3,2.5814648,-0.28146476745605487,3.9,4.895351,-0.9953509330749513,115.1,158.5792,-43.47919311523438,11.2257697612,10.55553,0.6702401667786138,65.0,68.56782,-3.5678176879882812
0.6000000000000001,0.65991586,-0.05991586446762076,2.0,3.062051,-1.0620510578155518,1.8,2.5505688,-0.7505688190460205,152.1,206.63493,-54.53493347167969,27.715793116,24.39262,3.3231730293300785,69.0,89.12206,-20.12206268310547
0.7000000000000001,0.7280365,-0.028036522865295344,2.1,2.5346525,-0.4346524715423583,2.5,3.0491717,-0.5491716861724854,179.6,200.74068,-21.140676879882818,31.5217784436,30.38694,1.1348384411585926,77.4,83.297386,-5.897386169433588
0.6000000000000001,0.71525985,-0.11525985002517691,3.0,3.0097833,-0.009783267974853516,3.6,3.9268458,-0.3268457889556884,209.6,199.59569,10.004312133789057,23.2525833334,36.78094,-13.528357676121484,130.1,115.75874,14.341256713867182
0.5,0.6102977,-0.11029767990112305,2.6,2.5938714,0.0061286449432373935,2.2,2.6961987,-0.49619870185852033,190.5,194.1238,-3.6237945556640625,49.9920378847,55.07585,-5.083813555729691,93.9,88.366,5.534002685546881
1.0,0.8800813,0.11991870403289795,2.5,2.386285,0.11371493339538574,4.6,4.159324,0.4406758308410641,307.5,223.52643,83.97357177734375,13.6938601884,12.050981,1.6428796204678715,131.6,118.389854,13.21014556884765
1.0,0.83363366,0.1663663387298584,2.9,2.7848444,0.11515560150146475,4.5,4.5037537,-0.003753662109375,262.3,231.4271,30.872906494140636,19.9130810826,26.43785,-6.524769869548436,102.3,92.213234,10.086766052246091
1.0,0.9195402,0.08045977354049683,2.3,2.52789,-0.22788996696472186,5.9,5.597244,0.30275621414184606,194.0,193.36928,0.6307220458984375,17.2586052968,23.186544,-5.927939121534962,112.3,117.23966,-4.939662170410159
0.9,0.7130408,0.18695917129516604,3.0,2.8810189,0.11898112297058105,4.0,3.1692352,0.8307647705078125,237.2,227.47972,9.720278930664051,53.22506029,29.709486,23.515574282309572,107.5,104.41985,3.0801467895507812
0.9,1.1440221,-0.2440221071243286,2.2,2.4200754,-0.22007541656494123,5.3,5.25365,0.0463498115539549,155.5,172.8647,-17.364700317382812,22.3132458869,22.492937,-0.17969120111269632,80.7,84.748146,-4.048146057128903
0.6000000000000001,0.7116245,-0.11162450313568106,2.8,2.9318774,-0.13187737464904803,3.4,3.4559364,-0.055936431884765714,309.3,240.46544,68.83456115722657,43.6862639573,31.146284,12.539979853906445,123.6,101.384895,22.215104675292963
1.3,1.1784312,0.12156884670257573,3.8,3.0813022,0.7186978340148924,11.6,8.291151,3.30884895324707,297.5,248.86974,48.63026428222656,26.6340822414,28.66116,-2.027077273980858,88.6,106.68666,-18.086660766601568
1.2,1.1454769,0.05452306270599361,2.5,2.558781,-0.05878090858459473,4.9,5.714145,-0.8141451835632321,163.0,169.78719,-6.7871856689453125,17.0747789398,25.78603,-8.711250875873827,94.6,97.54624,-2.946241760253912
0.8,0.7445705,0.05542950630187993,2.5,2.6771905,-0.17719054222106934,6.9,6.2944613,0.6055387496948246,273.5,332.50867,-59.0086669921875,23.7033981233,15.469597,8.233801260507033,64.0,82.00692,-18.006919860839844
0.8,0.810399,-0.010398995876312211,2.6,3.2575638,-0.657563829421997,4.2,4.984385,-0.7843850135803221,215.2,246.29483,-31.094830322265636,46.5654140123,37.978016,8.5873981126418,112.0,103.57964,8.420356750488281
0.8,0.81362146,-0.01362146139144893,2.6,2.6450884,-0.04508843421936026,3.8,3.6865137,0.11348633766174299,201.0,212.08203,-11.08203125,29.6111930311,28.424377,1.186815589693751,119.3,121.84998,-2.549983215332034
1.3,1.1282243,0.17177574634552006,2.7,2.8742764,-0.17427639961242658,7.8,6.381398,1.4186017990112303,241.9,297.64453,-55.744531249999994,30.5290160627,30.144724,0.3842921704880844,92.0,81.44509,10.554908752441406
1.3,0.87402326,0.42597674131393437,2.3,2.4153602,-0.11536021232604998,2.1,4.2227497,-2.1227497100830077,194.4,200.25204,-5.852044677734369,21.3856837145,26.12469,-4.739005387672851,88.5,98.50943,-10.009429931640625
0.5,0.7198508,-0.21985077857971191,2.7,2.4566412,0.24335880279541033,2.4,1.9531785,0.4468214750289916,189.7,224.78662,-35.08662109375001,22.3630033571,27.59119,-5.228186981034767,55.4,65.87066,-10.47065887451172
0.6000000000000001,0.6042688,-0.004268789291381747,2.4,2.336783,0.06321706771850577,3.2,3.3339057,-0.1339056968688963,249.8,218.45676,31.343243408203136,32.462930219,33.97586,-1.5129303767031246,127.8,104.8325,22.96750335693359
1.2,1.0539317,0.1460682868957519,2.7,2.5237222,0.1762778282165529,6.9,5.855714,1.044286155700684,177.0,187.67194,-10.67193603515625,27.1285717048,22.5789,4.549672321255077,89.9,87.646355,2.253645324707037
1.1,0.99621195,0.10378805398941049,2.3,2.3920488,-0.09204883575439471,4.0,4.8533497,-0.8533496856689453,196.9,163.63512,33.26488342285157,32.650043745,22.73796,9.91208292957031,102.1,91.9081,10.191903686523432
0.5,0.5380925,-0.03809249401092529,2.5,2.734887,-0.23488688468933105,1.9,2.4832249,-0.5832248687744142,233.8,240.5308,-6.730807495117176,56.4599978042,38.264824,18.19517389062578,97.8,87.69685,10.103146362304685
1.2,1.1958771,0.004122924804687456,2.5,2.3867862,0.11321377754211426,5.4,5.6558113,-0.25581130981445277,169.6,155.4733,14.12670288085937,20.088429009,21.322874,-1.2344450602138686,99.2,84.976135,14.223864746093753
0.5,0.66968155,-0.16968154907226562,2.1,2.620437,-0.5204369068145751,9.0,5.5872846,3.412715435028076,224.4,250.40172,-26.001718139648432,9.9895457557,17.509163,-7.519617147132031,68.8,75.39536,-6.595362854003909
1.0,0.8730382,0.1269618272781372,3.9,2.8273013,1.0726987361907958,4.0,4.1481843,-0.14818429946899414,195.9,210.0164,-14.116403198242182,21.0149784309,31.058493,-10.04351422962246,92.6,87.61063,4.989373779296869
0.7000000000000001,0.70778376,-0.00778375864028924,2.8,3.2657769,-0.4657768726348879,6.4,7.942412,-1.54241189956665,322.9,344.00995,-21.109948730468773,41.9095160436,22.01992,19.889595694478906,36.1,63.02466,-26.924658203125
0.8,0.73679674,0.06320326328277592,3.1,2.8256624,0.27433762550354013,4.1,3.4530065,0.6469934940338131,199.1,193.40367,5.696328735351557,34.1644727741,32.7187,1.4457723651644514,118.9,101.90671,16.99329223632813
0.9,0.8437491,0.05625089406967165,2.6,2.740121,-0.14012088775634757,3.9,4.419003,-0.5190030097961427,199.9,204.06732,-4.167321777343744,21.2796400462,28.600859,-7.321218642154491,90.8,90.781525,0.018475341796872158
0.7000000000000001,0.53935546,0.16064454317092902,2.6,2.564469,0.035530900955200284,3.2,2.6811135,0.5188865184783937,191.6,214.33473,-22.734732055664068,62.6701879226,48.60984,14.060347529533594,94.3,94.59223,-0.2922317504882841
0.8,0.8508036,-0.05080361366271968,2.5,2.4689333,0.0310666561126709,6.3,6.502874,-0.2028738975524904,228.5,228.96605,-0.4660491943359375,11.0898011461,32.65758,-21.567780183245702,61.4,76.27239,-14.87239227294922
1.3,1.3460146,-0.04601461887359615,2.7,2.8559074,-0.1559074401855467,4.7,4.40087,0.29913015365600604,240.6,203.81915,36.780847167968744,33.6711290427,28.759497,4.911632353857229,137.8,119.70243,18.097569274902355
0.5,0.61304474,-0.11304473876953125,2.7,2.9021974,-0.20219736099243146,6.1,6.9551163,-0.8551162719726566,255.4,330.0378,-74.63781127929687,24.3974453486,20.985712,3.4117332972084,78.1,61.069286,17.030713653564447
0.4,0.4368127,-0.03681269884109495,1.9,2.0464828,-0.14648280143737802,1.8,2.2660482,-0.46604819297790523,192.6,212.10954,-19.509542846679693,20.4346365438,24.99316,-4.558523704002734,80.7,87.61142,-6.911419677734372
0.8,0.8573342,-0.057334196567535356,2.7,2.5201223,0.1798777103424074,3.7,4.285295,-0.5852950096130369,196.6,203.1387,-6.538702392578131,21.51264352,30.404644,-8.89200049245117,91.8,88.60625,3.1937530517578097
0.8,0.6991858,0.10081421136856084,3.0,3.025472,-0.025471925735473633,3.1,3.382087,-0.28208699226379386,205.0,187.34354,17.656463623046875,30.0053267559,35.15566,-5.150331966023828,128.6,108.61411,19.985887145996088
1.0,1.0677133,-0.06771326065063477,2.2,2.2526383,-0.05263833999633771,6.7,5.12121,1.5787899017333986,145.2,159.17899,-13.978985595703136,31.9296347705,26.269016,5.660618504630861,74.4,86.49853,-12.098527526855463
1.1,1.1448737,-0.044873738288879306,2.5,2.3946953,0.10530471801757812,5.8,7.0877037,-1.2877037048339846,180.6,157.88475,22.715249633789057,19.8587173302,24.395847,-4.5371299903566396,83.2,88.90894,-5.708943176269528
0.8,0.5307296,0.269270408153534,3.0,2.5593574,0.4406425952911377,8.0,7.4189897,0.5810103416442871,281.4,355.16602,-73.76601562500002,15.9492153874,29.625767,-13.67655136675039,66.2,63.76259,2.4374114990234403
0.5,0.7770138,-0.27701377868652344,2.3,2.3791857,-0.07918567657470721,6.5,7.18446,-0.6844601631164551,222.2,273.91016,-51.71015625000001,9.7068110058,14.824298,-5.117486899168261,72.4,77.7,-5.299996948242182
0.7000000000000001,0.7970377,-0.09703772068023675,3.3,3.0055614,0.2944386482238768,4.7,4.535181,0.16481895446777362,221.6,197.05954,24.54046020507812,38.9137487668,33.80914,5.104609515091013,104.7,107.03871,-2.3387115478515597
0.7000000000000001,0.715755,-0.015754985809326105,2.8,3.3110058,-0.5110058307647707,5.8,8.1417675,-2.341767501831055,413.0,357.26184,55.7381591796875,20.6456571339,25.133663,-4.488006043590236,65.1,61.179314,3.9206863403320256
1.2,1.0738556,0.12614436149597164,2.3,2.1144722,0.18552784919738752,3.5,4.5042896,-1.0042896270751953,157.5,150.11621,7.3837890625,17.0944641873,24.555067,-7.460602875077928,79.4,85.1992,-5.799203491210932
0.8,0.7920161,0.007983911037445113,3.0,2.7767627,0.2232372760772705,4.1,3.8009157,0.29908428192138636,201.8,198.06622,3.7337768554687614,32.6371622178,35.45259,-2.815428724582816,99.7,99.34664,0.3533584594726591
0.7000000000000001,0.7728055,-0.07280551195144647,2.0,1.916968,0.08303201198577881,4.2,4.001638,0.19836206436157244,205.6,190.43991,15.16008911132812,15.8542743386,11.237988,4.6162858666151365,104.3,93.57574,10.724263000488278
0.6000000000000001,0.75791055,-0.15791054964065543,3.9,2.849684,1.0503159999847411,3.0,3.328973,-0.32897305488586426,172.9,185.15985,-12.259851074218744,28.9622592971,33.658764,-4.696504588398046,98.9,109.849945,-10.94994506835937
0.9,0.77938306,0.12061693668365481,3.2,3.0259395,0.17406053543090838,6.4,5.4555125,0.9444874763488773,194.7,209.7806,-15.080593872070324,13.6782949458,25.98396,-12.305664252198047,59.6,73.06165,-13.46165313720703
0.9,0.7565243,0.14347567558288576,4.1,3.3321478,0.767852163314819,7.1,6.6921077,0.40789232254028285,203.8,208.71925,-4.919253540039051,17.0792961034,18.351667,-1.2723713007748039,81.0,80.73714,0.2628631591796875
0.7000000000000001,0.625727,0.07427300214767463,2.5,2.6840415,-0.18404150009155273,5.2,5.625313,-0.4253128051757811,410.4,330.2176,80.18240966796873,17.9680897606,18.544724,-0.5766337501421859,56.2,64.0011,-7.801098632812497
0.5,0.6499721,-0.1499720811843872,2.6,2.4798596,0.12014040946960458,6.0,3.6908906,2.3091094493865967,179.8,191.7058,-11.905795288085926,39.8203963006,29.296194,10.524202224061916,82.9,81.10343,1.7965682983398494
1.2,1.01806,0.1819400310516357,2.4,2.7337143,-0.33371434211730966,6.7,6.403887,0.29611320495605487,214.2,216.5595,-2.359494018554699,33.9652255882,32.06623,1.898994814274218,93.4,90.861984,2.538015747070318
0.9,1.020262,-0.12026200294494627,2.7,2.8656363,-0.16563634872436506,4.8,5.935006,-1.1350061416625978,195.2,256.65698,-61.45698242187501,17.6549472435,36.81232,-19.157373465728515,84.7,95.83809,-11.13808898925781
1.0,1.0194788,-0.019478797912597656,2.8,2.341306,0.45869402885436994,6.1,5.562666,0.537334060668945,147.4,148.86954,-1.4695373535156193,28.227935126,23.070633,5.157302191429686,116.2,88.27036,27.929637145996097
1.2,1.1609879,0.039012145996093706,2.8,2.7313228,0.06867723464965803,5.5,4.88897,0.611030101776123,191.3,201.9657,-10.665698242187489,33.7751621206,25.543518,8.231644054193751,88.6,100.574,-11.9739974975586
0.7000000000000001,0.70357037,-0.003570365905761652,1.9,1.9033818,-0.003381824493408292,3.3,3.236263,0.06373696327209455,179.2,189.02693,-9.826931762695324,14.4039154329,11.537806,2.8661098756490233,96.0,100.453835,-4.453834533691406
0.8,0.645999,0.15400098562240605,3.1,2.660426,0.4395740985870362,3.7,2.5835593,1.1164407253265383,267.0,207.3794,59.62060546875,30.0137399887,38.398983,-8.385243013008985,113.3,96.79022,16.509777832031247
0.6000000000000001,0.59221214,0.007787859439849942,2.4,2.6770346,-0.277034616470337,6.2,5.9486322,0.25136775970459,357.6,269.1112,88.48879394531252,24.6554940861,17.83194,6.823554388834374,92.2,57.066574,35.133425903320315
1.1,1.0812116,0.01878843307495126,2.8,2.4684126,0.33158736228942853,4.4,3.825895,0.5741049289703373,179.2,135.02306,44.17694396972655,14.8024248236,11.361288,3.441136752921288,67.6,66.19399,1.4060073852539006
0.9,0.6577206,0.2422793745994568,3.4,2.8853607,0.5146392822265624,8.6,4.876427,3.7235728263854977,351.1,248.26822,102.8317810058594,18.5198336728,18.24848,0.2713538296603524,111.7,66.46749,45.23250885009766
1.1,1.0972719,0.0027280807495118076,3.5,2.8974743,0.6025257110595703,6.3,6.5371637,-0.23716373443603533,198.7,198.43849,0.26150817871092613,22.2535504723,27.488518,-5.23496728893047,107.1,117.910416,-10.810415649414068
0.8,0.7489566,0.05104337930679326,2.2,2.1591377,0.04086227416992205,5.8,4.4314175,1.3685825347900389,181.4,182.10963,-0.7096343994140568,11.37989764,12.762405,-1.3825077555078131,92.1,101.07095,-8.97095336914063
0.8,0.80869436,-0.008694362640380815,3.0,2.4995716,0.5004284381866455,4.5,4.103666,0.396334171295166,257.1,221.64792,35.45208129882815,27.8288700718,26.777504,1.0513661045148446,76.5,88.03186,-11.5318603515625
0.9,0.74617285,0.15382715463638308,2.2,1.9933485,0.20665152072906512,3.9,4.0781665,-0.17816648483276376,209.5,209.44955,0.050445556640625,12.2429021285,16.203775,-3.9608732773837882,123.3,112.88842,10.411579895019528
0.8,0.74751854,0.05248146057128911,2.7,2.6068807,0.09311933517456072,3.1,3.584349,-0.4843489170074462,214.7,243.20949,-28.509487915039074,39.1140558903,36.68073,2.4333269779464857,94.7,109.34704,-14.647038269042966
0.9,0.94789165,-0.047891652584075906,2.5,2.5105543,-0.010554313659667969,4.1,5.170842,-1.0708421707153324,177.3,159.10242,18.19758300781251,24.2286651335,24.096214,0.13245083906640787,113.9,90.304794,23.595205688476568
0.8,0.8724775,-0.07247747182846065,3.0,2.593484,0.40651607513427734,4.1,2.3707738,1.729226207733154,243.0,215.6244,27.375595092773438,23.6483432286,18.64838,4.999962949058986,73.4,83.982124,-10.582124328613276
1.0,1.0771431,-0.07714307308197021,2.6,2.5390208,0.06097922325134286,5.1,6.4996586,-1.399658584594727,209.1,227.88022,-18.78021850585938,41.4289808431,33.57978,7.8492002644867185,75.9,75.70179,0.19821014404297443
1.3,1.2512225,0.04877750873565678,2.6,2.9459834,-0.3459834098815917,7.0,6.8209734,0.17902660369873047,263.8,276.89203,-13.092028808593739,39.4188565689,22.513487,16.90536970671738,94.2,88.0361,6.163897705078128
0.5,0.6337424,-0.13374239206314087,2.3,2.3714457,-0.07144565582275408,6.7,6.107677,0.5923230171203615,209.9,265.62946,-55.729455566406244,10.7890745472,13.710901,-2.9218267131759763,70.8,72.519424,-1.7194244384765653
0.7000000000000001,0.6628822,0.03711779117584235,2.0,2.251866,-0.25186610221862793,4.5,4.2169757,0.28302431106567383,198.5,205.70375,-7.2037506103515625,9.8959626956,9.678293,0.21766946745058569,91.9,101.64774,-9.74774322509765
1.2,1.0796067,0.1203933477401733,2.4,2.4842944,-0.08429441452026376,3.5,3.7957675,-0.29576754570007324,120.1,157.57089,-37.47089233398438,13.7112904989,10.257187,3.454103609251563,72.1,66.704956,5.395043945312494
0.7000000000000001,0.75364625,-0.05364625453948968,3.3,2.846598,0.45340209007263166,3.8,4.189782,-0.38978214263916033,210.5,198.52225,11.977752685546875,31.5579120312,31.77739,-0.21947749516718673,106.7,110.03847,-3.3384674072265597
1.1,1.126221,-0.026220941543579013,3.4,2.9664927,0.4335073471069335,7.8,5.5485916,2.2514083862304686,297.0,218.70596,78.29403686523438,27.8609654946,27.369015,0.4919507546097641,94.5,97.76175,-3.261749267578125
1.2,1.205403,-0.005402970314025923,2.1,2.3732884,-0.2732883930206298,4.4,5.9807544,-1.5807543754577633,141.1,154.498,-13.398001098632818,22.8898906662,19.81066,3.0792312576306635,82.1,89.55176,-7.451757812500006
1.0,0.77540874,0.22459125518798828,2.5,3.01239,-0.5123898983001709,5.6,6.097548,-0.49754800796508825,196.5,225.75456,-29.254562377929688,24.9840496294,27.404123,-2.420073676874413,115.5,106.93531,8.564689636230469
0.4,0.5566333,-0.1566332936286926,2.3,2.3689268,-0.06892676353454608,3.1,3.464313,-0.36431303024291983,226.4,191.69876,34.70123901367188,22.4295853221,26.183584,-3.7539988911568365,90.3,95.5662,-5.266200256347659
0.7000000000000001,0.7441179,-0.04411791563034051,3.1,2.9229512,0.17704877853393564,4.5,3.6637516,0.8362483978271484,207.1,197.10643,9.993569946289057,29.5734416408,31.57987,-2.0064285831990247,94.4,104.57657,-10.17656860351562
1.1,1.1193299,-0.019329929351806552,2.4,2.4648328,-0.06483278274536142,6.2,5.2301803,0.9698197364807131,154.4,163.06224,-8.662240600585932,26.6652244062,23.675468,2.9897559613757814,94.9,82.21243,12.68756713867188
1.0,0.9748176,0.02518242597579956,4.2,2.8303068,1.3696932315826418,7.6,5.3819866,2.2180133819580075,234.9,218.29088,16.609121704101568,28.5196715323,34.18392,-5.664250281664845,69.6,68.95087,0.6491333007812443
1.0,0.7856472,0.2143527865409851,2.7,2.388647,0.31135292053222674,4.1,3.6298752,0.4701248168945309,233.6,209.49539,24.10460815429687,38.2766692001,36.099426,2.1772429305687524,75.8,66.03615,9.763851928710935
0.5,0.60452735,-0.10452735424041748,2.0,2.6354067,-0.6354067325592041,1.9,2.4282007,-0.5282007217407227,158.5,203.79417,-45.29417419433594,31.7189489111,25.520685,6.1982637151771485,64.9,82.64936,-17.749360656738276
0.8,0.804321,-0.004320991039276079,3.8,3.3091536,0.49084644317626935,11.2,6.774878,4.425121974945068,267.6,213.61215,53.98784790039065,19.1625037827,29.657597,-10.495092805434766,99.7,82.531525,17.168475341796878
1.1,1.0704575,0.02954254150390634,2.6,2.6757123,-0.07571234703063956,4.4,6.4216537,-2.0216537475585934,185.4,163.63419,21.76581420898438,17.6010684243,23.867912,-6.2668438681804695,91.3,104.35416,-13.054156494140628
0.8,0.7558099,0.04419009685516362,3.2,2.9098413,0.29015870094299334,4.2,3.85877,0.34123010635375994,224.5,204.15639,20.343612670898438,37.2942302158,36.619625,0.6746051242472646,95.0,98.9414,-3.9413986206054688
1.0,0.8772378,0.12276220321655273,2.7,2.4848003,0.215199661254883,3.9,3.8896685,0.01033153533935538,188.0,160.47618,27.523818969726562,8.989517443,11.498084,-2.5085666252983394,73.7,66.65316,7.046839904785159
0.8,0.8397837,-0.03978372812271114,3.4,3.3488395,0.051160478591918856,8.8,6.617258,2.1827419281005866,171.9,207.68785,-35.78785095214843,20.0562250547,31.70629,-11.650064236681835,92.8,80.782265,12.017735290527341
0.6000000000000001,0.60428303,-0.0042830348014830655,3.0,2.5749347,0.425065279006958,6.7,5.7062435,0.9937564849853517,276.6,295.83072,-19.230718994140602,21.3186557677,21.696926,-0.37827034924335834,85.6,61.195564,24.404435729980463
1.2,1.1727093,0.027290654182434038,2.6,2.9193175,-0.31931748390197745,8.4,7.050989,1.3490108489990238,220.7,232.18324,-11.483242797851574,35.1707059818,33.129967,2.040739245960154,90.5,91.74954,-1.249542236328125
1.1,1.0990229,0.0009771347045899326,2.7,2.5652094,0.13479061126709002,4.2,3.764868,0.43513197898864764,183.4,164.83165,18.568350219726568,21.2681627545,22.85531,-1.587147685563476,96.1,93.64845,2.451547241210932
1.1,0.9858903,0.11410967111587533,2.6,2.4778614,0.12213859558105478,3.5,3.8894775,-0.3894774913787842,125.6,176.86934,-51.26933898925782,11.874781941,10.602378,1.2724040494594728,69.9,63.069363,6.830637359619146
0.6000000000000001,0.56619257,0.033807432651519864,2.4,2.555266,-0.15526590347290048,2.2,3.494934,-1.2949340820312498,185.9,206.43973,-20.53972778320312,55.8925882154,34.187973,21.704615192939066,89.7,91.235054,-1.5350540161132784
0.7000000000000001,0.92298305,-0.22298305034637445,3.0,2.9091356,0.09086441993713379,4.5,5.2081313,-0.7081313133239746,280.0,260.0784,19.921600341796875,35.5366994063,27.170204,8.366495243702346,66.2,78.658424,-12.458424377441403
0.7000000000000001,0.6870362,0.012963783740997381,2.4,2.3918226,0.008177423477172763,2.9,3.0965405,-0.19654045104980478,192.4,216.37566,-23.975656127929682,27.020998011,27.540644,-0.5196456810166019,85.9,75.82075,10.079252624511724
0.8,0.94943005,-0.14943004846572872,2.8,2.6650412,0.1349587917327879,3.9,4.6639075,-0.7639075279235841,374.7,245.12402,129.5759765625,33.8909373905,32.933147,0.9577899600800777,90.1,86.045845,4.054154968261713
0.7000000000000001,0.75590473,-0.055904734134674006,2.2,2.4020765,-0.20207648277282697,2.7,3.621874,-0.9218740940093992,210.0,228.78226,-18.782257080078125,23.6632847733,29.035675,-5.372390275528126,86.3,89.32977,-3.029772949218753
0.7000000000000001,0.679956,0.020043981075286932,2.5,2.5174603,-0.017460346221923828,3.4,2.9138565,0.48614349365234366,172.1,188.15204,-16.052038574218756,37.6436082727,31.575134,6.06847399535625,89.3,95.422356,-6.122355651855472
0.6000000000000001,0.5642572,0.0357427954673768,2.2,2.4197326,-0.21973257064819318,2.4,3.2419713,-0.841971254348755,177.7,209.67238,-31.972378540039074,54.6058196395,53.17319,1.4326285689433575,81.5,89.27718,-7.777183532714844
0.8,0.7067629,0.09323709011077885,2.1,2.3253376,-0.22533764839172354,8.2,6.6218476,1.5781523704528801,238.1,285.05612,-46.95612182617188,9.3894580561,16.215311,-6.825852994315039,61.9,65.94791,-4.047906494140626
1.0,1.1244364,-0.1244363784790039,2.4,2.406233,-0.006233072280883878,4.8,5.08381,-0.28380985260009783,214.0,186.41269,27.587310791015625,31.8954553777,26.746405,5.149050729872851,97.2,88.21461,8.985392761230472
0.5,0.7325911,-0.23259109258651733,2.3,2.1279953,0.1720047473907469,6.6,6.332422,0.2675782203674313,228.0,261.25998,-33.259979248046875,9.7451999736,15.721868,-5.976667587740332,73.6,68.2242,5.375802612304682
1.1,1.1180605,-0.018060469627380282,2.5,2.557129,-0.05712890625,5.5,5.9674344,-0.4674344062805176,216.9,231.74104,-14.841043090820307,35.4051490363,31.657705,3.747443729293167,93.6,76.41936,17.180642700195307
0.7000000000000001,0.6768898,0.023110222816467352,2.3,2.5230706,-0.22307057380676287,5.9,6.792389,-0.8923889160156246,219.8,280.56274,-60.76274414062499,12.8913014958,15.332924,-2.4416223933601557,65.4,71.18365,-5.783647155761713
1.1,1.0406404,0.05935964584350595,2.4,2.200873,0.19912710189819327,4.6,4.6113243,-0.01132431030273473,183.8,154.90453,28.895474243164074,16.2860754507,22.785582,-6.499506138045117,80.6,88.797935,-8.19793548583985
1.4,1.2765589,0.12344112396240225,3.6,3.1650512,0.4349487781524659,9.6,6.9875364,2.612463569641113,325.0,314.19574,10.80426025390625,27.1238556195,33.066586,-5.942729921271486,91.5,83.98809,7.511909484863281
1.2,0.93840563,0.26159436702728267,2.3,2.4870055,-0.18700547218322772,3.8,4.0716076,-0.27160758972167987,125.4,202.43002,-77.03002319335937,11.7403750608,10.712937,1.027437705758496,67.0,71.40278,-4.402778625488281
0.9,0.87755346,0.022446537017822288,2.2,2.3737283,-0.1737282752990721,2.9,2.3995516,0.5004483699798583,211.5,199.1708,12.329193115234375,25.4554590462,33.400764,-7.94530541913203,92.5,81.58008,10.919921875
0.7000000000000001,0.692423,0.007577013969421453,2.2,2.5071077,-0.3071077346801756,2.8,2.4261794,0.3738205909729002,172.0,196.09584,-24.095840454101562,26.588099441,26.348816,0.23928352303125067,73.1,88.61322,-15.513220214843756
1.2,1.1566142,0.04338581562042232,2.1,2.3460941,-0.24609413146972647,4.9,5.263122,-0.36312208175659144,159.1,159.57858,-0.4785827636718807,19.8280850464,21.207056,-1.3789709991322283,87.2,84.01164,3.1883575439453153
0.8,1.0486586,-0.24865860939025874,2.8,2.4543843,0.34561567306518537,4.6,4.006773,0.5932270050048825,250.5,173.5954,76.90460205078125,11.3172536748,11.123595,0.1936584370680663,68.1,64.300385,3.7996154785156193
0.8,0.84368247,-0.04368246793746944,2.5,2.6246593,-0.12465929985046387,4.1,4.0224805,0.07751951217651332,212.3,163.76572,48.534283447265636,10.3817012579,12.390456,-2.0087549417459964,63.4,61.824753,1.575247192382811
0.7000000000000001,0.61553895,0.08446104526519782,2.7,2.5545583,0.14544172286987322,6.4,6.4620094,-0.06200942993164027,268.7,379.34988,-110.64988403320314,17.6168080625,15.789935,1.826872950500487,79.9,69.14542,10.75458374023438
1.0,0.8270642,0.17293578386306763,2.1,2.2615645,-0.1615644931793212,4.1,3.5089831,0.591016864776611,211.8,212.06313,-0.26312561035155113,11.5344085346,19.114033,-7.579624210761327,122.3,99.09457,23.205433654785153
1.9,1.0236471,0.8763529300689696,2.6,2.3111346,0.28886542320251474,6.3,4.9422946,1.3577054023742674,182.2,181.4289,0.7711059570312386,21.1874290438,19.84841,1.3390193910900408,89.4,87.14539,2.2546066284179744
0.9,0.98347455,-0.08347455263137815,2.2,2.1553214,0.044678640365600764,5.1,4.9990473,0.10095272064208949,131.3,151.62349,-20.3234893798828,26.4879264803,23.047802,3.4401245088644536,93.7,84.521866,9.17813415527344
0.8,0.69900715,0.10099284648895268,2.8,2.644077,0.1559229373931883,2.9,3.061557,-0.1615570545196534,189.8,189.44064,0.35935668945313637,29.9071185681,50.071068,-20.163949241958594,101.7,98.97386,2.7261383056640653
0.7000000000000001,0.6173927,0.0826072812080384,2.1,2.3605266,-0.26052656173706046,6.4,4.967157,1.432843112945557,251.4,247.62256,3.7774414062500057,10.2516734491,30.184582,-19.932908307491797,56.7,72.48323,-15.78323059082031
1.1,1.1273483,-0.02734830379486075,2.6,2.5910604,0.008939599990844815,5.8,5.9190745,-0.11907453536987322,201.9,227.38147,-25.481469726562494,31.8153477687,32.274715,-0.4593676548839838,92.3,73.18355,19.116452026367185
0.7000000000000001,0.82074016,-0.12074016332626336,2.8,3.0266058,-0.22660584449768084,4.6,6.0746593,-1.47465934753418,207.2,237.14908,-29.949078369140636,30.6252475752,46.714092,-16.088844679438672,112.3,108.23174,4.068257141113278
0.6000000000000001,0.6834495,-0.08344950675964347,2.4,2.4699907,-0.06999073028564462,4.7,6.2356453,-1.535645294189453,267.9,267.88992,0.010076904296852263,12.5022168092,17.541403,-5.039186007572461,56.9,79.6358,-22.73580322265625
1.2,0.99011225,0.20988775491714473,2.2,2.3465667,-0.14656667709350568,3.7,3.7440853,-0.04408531188964826,132.2,140.15527,-7.955273437500011,9.3700123102,11.628548,-2.2585353582570313,67.9,63.793972,4.106027984619146
0.9,0.9478371,-0.04783711433410642,1.9,2.2168546,-0.31685457229614267,4.6,4.6732593,-0.07325925827026403,185.8,171.29616,14.503842163085949,8.8407990528,9.234632,-0.3938324855911137,92.4,95.53713,-3.137132263183588
0.8,0.75493896,0.045061039924621626,2.2,2.474502,-0.2745020866394041,1.9,2.6890934,-0.7890933513641358,227.2,211.56479,15.635211181640614,30.8011619548,28.481842,2.3193199137843763,72.7,71.55732,1.1426803588867216
0.6000000000000001,0.7694075,-0.1694075107574462,2.5,2.3245258,0.1754741668701172,3.9,4.3151965,-0.41519651412963876,224.1,254.47903,-30.37903442382813,15.0882775745,12.35786,2.730417962988769,101.1,106.5498,-5.449797058105474
0.7000000000000001,0.75474584,-0.054745841026306086,2.3,2.7032318,-0.4032318115234377,3.4,6.3454294,-2.9454294204711915,238.0,211.39598,26.604019165039062,94.1735396673,35.62326,58.55027916925313,155.4,109.32191,46.078092956542974
0.9,0.80441105,0.09558894634246828,2.1,2.2311757,-0.13117566108703604,6.2,4.828527,1.371473026275635,234.2,224.56068,9.639315795898426,23.5158938876,10.983514,12.532380055507716,130.4,112.9553,17.4447006225586
0.7000000000000001,0.75456,-0.05455999374389642,2.5,2.661921,-0.16192102432250977,8.2,5.3885803,2.8114196777343743,279.9,265.6729,14.227087402343727,19.1297183276,23.821175,-4.691456293982032,57.5,64.22375,-6.723747253417969
0.9,0.82608217,0.07391782999038699,2.0,2.4013386,-0.4013385772705078,8.0,6.7356806,1.2643194198608398,262.4,276.8301,-14.430108642578148,15.8674031231,13.929786,1.937617394645411,85.9,70.41387,15.486128234863287
1.1,1.1755702,-0.07557024955749503,3.5,3.3540154,0.14598464965820312,6.5,6.960204,-0.4602041244506836,367.6,315.46896,52.13103637695315,40.3313367659,36.759995,3.5713422590640604,99.2,94.445076,4.754924011230472
0.7000000000000001,0.7315987,-0.03159867525100701,2.3,2.8365707,-0.5365707397460939,3.8,4.9725246,-1.1725246429443361,239.3,207.7027,31.59730224609376,62.2822349873,38.934082,23.34815295605,153.0,105.78129,47.218711853027344
0.8,0.66094685,0.13905315399169926,2.3,2.3113105,-0.011310529708862482,6.6,6.809925,-0.20992507934570348,250.2,252.68823,-2.4882324218750114,12.8140881209,15.152501,-2.3384129853622078,87.2,74.6579,12.542102050781253
0.9,1.043031,-0.14303097724914549,2.2,2.4232395,-0.22323946952819806,4.3,5.571215,-1.2712151527404787,152.1,168.83107,-16.731069946289068,24.4524860252,25.795383,-1.3428974281691417,83.8,89.13477,-5.334773254394534
1.1,0.90116876,0.19883123636245736,3.0,2.9707203,0.029279708862304688,8.6,6.1413474,2.458652591705322,261.6,223.16423,38.435769653320335,26.8062193043,26.693422,0.11279698679511796,101.4,103.042336,-1.6423355102539006
1.3,1.1403801,0.15961985588073735,3.2,2.6878242,0.512175750732422,7.5,6.271749,1.2282509803771973,234.6,204.16641,30.43358764648437,37.9634202541,30.353407,7.610013347972071,115.2,94.00234,21.19765777587891
1.1,1.0580099,0.041990137100219815,2.6,2.5338943,0.06610569953918466,8.6,6.5962586,2.003741359710693,172.3,181.9815,-9.681506347656239,19.6887608737,23.378212,-3.6894511013976548,102.0,98.44979,3.5502090454101562
0.7000000000000001,0.7751414,-0.07514141798019403,2.3,2.5040586,-0.20405859947204608,2.3,5.275286,-2.9752861976623537,273.1,228.8654,44.234597778320335,26.338178268,35.397987,-9.059809097722656,84.5,82.5738,1.9262008666992188
0.5,0.70421904,-0.2042190432548523,2.2,2.316184,-0.11618404388427717,6.4,6.6568995,-0.2568994522094723,221.9,267.35574,-45.45574340820312,10.2334218639,16.34893,-6.1155084949867184,70.0,72.7288,-2.7287979125976562
1.2,1.1124963,0.08750374317169185,2.6,2.4007428,0.19925723075866708,10.6,5.4349475,5.165052509307861,172.6,164.79503,7.804971313476557,12.8143264559,21.774214,-8.959887334993555,84.2,92.3341,-8.134098815917966
1.0,0.7895413,0.2104586958885193,2.4,2.4834642,-0.08346424102783212,2.6,2.5520864,0.047913646697998136,231.2,206.76286,24.4371368408203,19.6122632192,27.098045,-7.485782129921095,84.1,75.53682,8.563180541992182
0.5,0.634189,-0.13418900966644287,2.2,2.2567985,-0.05679850578308088,2.5,2.3379304,0.16206955909729004,195.1,198.02419,-2.924185180664068,83.5196695654,28.331577,55.1880922643746,163.4,74.26021,89.1397918701172
1.1,1.166092,-0.06609203815460196,2.6,2.606286,-0.006286048889160067,4.2,6.043773,-1.8437731742858885,174.3,181.79799,-7.497988891601551,23.1986703037,21.850264,1.3484067081189437,91.0,96.30182,-5.30181884765625
0.7000000000000001,0.63470566,0.06529433727264411,2.5,2.502316,-0.002315998077392578,2.3,2.976663,-0.676663112640381,153.2,219.43259,-66.23258666992189,49.8228928377,36.11616,13.706731491264456,157.1,108.2892,48.81080017089843
0.5,0.52623975,-0.026239752769470215,2.1,2.2252798,-0.1252798080444335,2.6,3.362145,-0.7621449470520019,173.7,189.75644,-16.056439208984386,20.8692472943,27.759394,-6.890146397716602,99.5,88.57119,10.928810119628906
0.9,0.92422765,-0.02422765493392942,1.9,2.0785966,-0.17859659194946298,4.0,4.0534406,-0.05344057083129883,168.8,186.94331,-18.1433135986328,11.55786606,11.563781,-0.005914724606933319,92.1,93.31663,-1.216627502441412
0.7000000000000001,0.7443235,-0.04432349205017083,2.5,2.6982849,-0.19828486442565918,2.9,3.21319,-0.31319007873535165,177.8,168.86874,8.931256103515636,24.6403644171,32.503284,-7.862920037245704,112.4,107.63335,4.766653442382818
0.6000000000000001,0.71992594,-0.11992594003677359,2.1,2.24242,-0.14241995811462393,6.0,6.0580993,-0.05809926986694336,239.1,262.92413,-23.824133300781256,9.422859595,14.603978,-5.181118562043457,64.8,70.14133,-5.341326904296878
0.9,0.6709734,0.22902657985687258,2.6,2.4583485,0.14165148735046396,2.9,3.164283,-0.26428303718566903,152.8,169.84752,-17.047518920898426,31.0680751118,31.315733,-0.24765784413261827,117.1,105.33834,11.76165924072265
0.9,0.73993206,0.1600679397583008,3.0,3.0312803,-0.0312802791595459,3.1,3.4945054,-0.3945054054260253,184.7,216.2657,-31.565701293945324,36.926053487,30.74299,6.183062993225583,129.4,111.84158,17.55841674804688
0.7000000000000001,0.6453657,0.0546342849731446,2.2,2.1674516,0.03254837989807147,3.3,2.891632,0.4083679199218748,202.0,180.78699,21.2130126953125,26.2854230494,26.942797,-0.6573736577533218,108.5,88.89703,19.60296630859375
1.2,1.1238376,0.07616240978240962,2.6,2.5014677,0.09853229522705087,6.4,6.0888577,0.3111423492431644,182.6,163.09645,19.503549194335932,17.8132419627,22.64411,-4.830867763252147,89.8,86.09329,3.706707763671872
0.9,1.0847011,-0.18470106124877927,2.2,2.3325677,-0.13256769180297834,4.2,5.8413014,-1.6413014411926268,159.2,143.9011,15.298907470703114,31.9082166981,22.156317,9.75189994089785,95.9,90.53136,5.368643188476568
0.6000000000000001,0.5382541,0.06174591779708871,3.5,2.7547092,0.7452907562255859,7.3,7.639638,-0.3396379470825197,255.6,292.22684,-36.62683715820313,12.1996729487,17.441187,-5.241513956207227,75.7,64.4935,11.206500244140628
0.7000000000000001,0.7733126,-0.07331262826919549,2.9,3.29095,-0.39095005989074716,4.0,4.9173365,-0.9173364639282227,179.6,194.15869,-14.558691406250006,27.1924119457,37.211937,-10.019525004983592,84.5,114.79789,-30.297889709472656
0.8,1.0360438,-0.23604376316070552,2.3,2.4614391,-0.16143913269042987,4.4,4.0532155,0.3467844963073734,176.5,136.50098,39.9990234375,9.2550377377,11.939195,-2.6841569415602535,60.4,65.6836,-5.283601379394533
0.8,0.7450874,0.05491261482238774,2.5,2.6034768,-0.10347676277160645,6.5,6.7879386,-0.28793859481811523,228.4,250.7713,-22.371301269531244,9.5471607655,13.664766,-4.1176055461455086,71.2,77.14354,-5.943539428710935
0.6000000000000001,0.6938981,-0.09389808177947989,2.4,2.6321409,-0.232140874862671,2.0,3.0499842,-1.0499842166900635,184.8,210.14493,-25.344927978515614,25.8116961477,43.386673,-17.57497682593281,77.5,91.61437,-14.114372253417969
1.1,0.9923045,0.107695496082306,2.7,2.6464107,0.05358929634094256,3.8,3.9671159,-0.16711587905883807,156.7,197.90233,-41.20232849121095,11.7186332954,10.849798,0.8688350928853517,67.2,62.64286,4.557139587402347
0.8,0.9390693,-0.13906927108764644,2.6,2.505732,0.09426794052124032,3.6,4.513744,-0.9137438774108886,165.2,187.60931,-22.40931396484376,10.2429135914,11.198949,-0.9560352687684563,57.0,61.34632,-4.346321105957031
0.5,0.5592151,-0.05921512842178345,2.2,2.572716,-0.3727159976959227,2.3,2.8719184,-0.5719184398651125,228.8,221.63132,7.168682861328136,30.4812758017,29.278019,1.203256850283985,85.8,109.395226,-23.595225524902347
1.0,0.81266314,0.18733686208724976,3.5,2.8439415,0.6560585498809814,5.3,4.483558,0.8164418220520018,253.1,224.76668,28.333322143554682,21.6097969626,26.665567,-5.055770435471288,103.3,91.85618,11.443821716308591
0.8,0.7476262,0.05237381458282475,3.0,2.6553237,0.34467625617980957,4.7,4.18128,0.5187198638916017,216.8,193.25912,23.540875244140636,93.5774184662,49.36354,44.21387781678594,118.7,107.05255,11.647448730468753
0.8,0.88548875,-0.085488748550415,2.9,3.2460573,-0.34605727195739755,5.1,5.8811474,-0.781147384643555,199.6,210.94165,-11.341650390625006,69.090730413,37.490475,31.60025571207227,121.9,110.884,11.01599731445313
0.8,0.7529082,0.04709182977676396,2.5,2.5433407,-0.04334068298339844,6.4,6.685904,-0.2859040260314938,236.6,252.05284,-15.452841186523443,12.1829955281,14.489873,-2.3068774043340827,62.6,78.800514,-16.200514221191405
0.7000000000000001,0.71249586,-0.012495863437652521,2.6,2.8905213,-0.29052128791809073,2.7,3.3027909,-0.6027908802032469,190.5,224.84633,-34.34632873535156,40.9834652843,30.460941,10.522523969602737,96.7,106.067566,-9.367565917968747
0.7000000000000001,0.7563701,-0.056370127201080256,2.6,2.6052282,-0.005228185653686435,2.7,3.1049557,-0.40495567321777326,208.9,208.2981,0.6019042968750057,29.1732468197,29.44834,-0.27509264258027244,112.2,102.699165,9.500834655761722
0.7000000000000001,0.7042254,-0.004225420951843195,3.4,2.814639,0.5853609085083007,3.2,3.703462,-0.5034618854522703,168.3,199.32138,-31.021380615234364,32.7305367277,34.03673,-1.3061949922707043,147.8,109.97075,37.829251098632824
0.9,0.7736249,0.1263751029968262,2.7,2.6673136,0.03268642425537127,3.7,3.6703286,0.029671382904052912,181.5,193.13853,-11.638534545898438,26.7718232276,33.33184,-6.56001728753672,92.4,84.89752,7.502478027343756
0.8,0.77665204,0.023347961902618453,2.7,2.3731034,0.3268966197967531,7.0,5.822763,1.1772370338439941,242.8,269.3721,-26.572100830078114,11.9139575251,12.745183,-0.8312254659278313,70.8,70.08148,0.7185180664062472
0.8,1.0101938,-0.21019382476806636,2.6,2.7804263,-0.180426263809204,4.2,4.408379,-0.20837907791137678,236.5,238.73433,-2.2343292236328125,21.9062467739,28.640627,-6.7343801334486315,127.5,120.13936,7.3606414794921875
1.2,1.1099787,0.0900213241577148,3.2,2.8252993,0.3747007369995119,6.1,6.9548173,-0.8548172950744632,216.8,212.46982,4.330181884765636,38.9289328834,30.511282,8.417650916236916,102.0,95.30299,6.6970062255859375
0.3,0.5758958,-0.2758957862854004,2.1,2.467437,-0.3674370288848876,2.0,2.7275739,-0.7275738716125488,215.1,220.70526,-5.605261230468756,32.1096714234,23.745369,8.36430246588047,76.2,89.76565,-13.565647888183591
0.9,0.6171677,0.28283228874206545,3.6,2.7772872,0.8227127552032472,8.6,7.1327324,1.4672676086425778,387.8,357.18655,30.613446044921886,30.755033807,15.34147,15.413564042290528,67.5,55.535137,11.964862823486328
0.7000000000000001,0.66181064,0.038189363479614324,2.6,2.3949475,0.20505247116088876,2.3,3.4564078,-1.1564077854156496,179.6,207.43922,-27.839224243164068,32.067107354,24.2925,7.774607811763673,71.1,78.166405,-7.066404724121099
1.3,1.3893551,-0.08935506343841548,3.1,2.6507874,0.4492126464843751,5.3,5.8201795,-0.5201794624328615,344.3,268.22815,76.07185058593751,25.1651601871,27.736029,-2.5708684841646487,119.4,124.569214,-5.169213867187494
0.6000000000000001,0.83175814,-0.23175814151763907,3.2,3.1664548,0.0335452079772951,4.2,3.9268906,0.2731093883514406,221.8,197.60435,24.195645141601574,33.8595870123,32.46473,1.3948577032179656,105.9,109.20193,-3.301927185058588
0.7000000000000001,0.7894179,-0.08941792249679559,2.5,2.9856482,-0.48564815521240234,4.6,4.842494,-0.24249401092529332,197.9,199.25763,-1.3576293945312443,28.425046857,36.528587,-8.103540484308592,109.8,107.95799,1.8420074462890597
0.9,0.75730926,0.14269074201583865,2.2,2.237906,-0.03790597915649396,4.3,4.112517,0.18748311996459943,176.1,181.07031,-4.970312500000006,25.5505204884,28.029972,-2.4794515880160155,66.4,69.341705,-2.9417053222656193
1.1,1.0115728,0.08842716217041025,2.5,2.2863555,0.21364450454711914,6.0,5.3930445,0.6069555282592773,208.0,152.03885,55.961151123046875,18.905036684,25.031046,-6.12600922969629,100.6,86.328186,14.271813964843744
0.7000000000000001,0.62718326,0.07281674146652228,2.5,2.6631794,-0.1631793975830078,2.4,3.031945,-0.6319449901580811,171.4,187.2035,-15.803506469726557,25.9580142227,30.321684,-4.363669660966991,103.5,93.517975,9.982025146484375
0.8,0.7371566,0.06284337043762211,2.8,3.0948465,-0.29484648704528826,5.4,5.5447783,-0.1447783470153805,185.0,198.39383,-13.393829345703125,17.861625946,27.6795,-9.817874633833984,81.4,85.50917,-4.109170532226557
0.9,0.6913481,0.2086519241333008,2.0,2.1224205,-0.1224205493927002,5.0,4.4789305,0.5210695266723633,180.8,180.49207,0.30793457031251137,12.7918373775,15.014055,-2.222217874575195,105.0,95.549934,9.450065612792969
0.6000000000000001,0.5275954,0.07240459918975839,2.3,2.4987075,-0.1987075328826906,2.9,3.0373313,-0.13733134269714364,256.6,223.86232,32.73768005371096,49.5578299366,34.241863,15.31596668586758,72.5,83.330956,-10.830955505371094
1.0,0.9801315,0.01986849308013916,2.7,3.0912843,-0.39128427505493146,5.3,5.7381544,-0.43815441131591815,209.6,226.71196,-17.111959838867193,38.8766464361,26.067461,12.809185422306058,136.3,105.340195,30.959805297851574
0.4,0.5523256,-0.15232560634613035,1.9,2.2475958,-0.34759578704833993,2.7,2.924914,-0.22491388320922834,182.5,211.08987,-28.589874267578125,25.527722269,33.804337,-8.27661427885156,83.0,85.09125,-2.09124755859375
0.9,1.0265678,-0.12656781673431394,2.4,2.416536,-0.0165360927581788,3.8,4.1262836,-0.326283645629883,142.8,171.57983,-28.77983398437499,9.9807371501,11.679617,-1.6988797780005864,59.2,65.805984,-6.60598449707031
1.4,0.7200207,0.6799792885780334,2.7,2.5425372,0.157462787628174,6.7,4.8042035,1.8957964897155763,189.3,208.45012,-19.150119018554676,27.0182850799,45.18477,-18.166483596857812,107.6,100.88803,6.711968994140619
0.7000000000000001,0.7111349,-0.011134910583496027,2.0,1.9392598,0.06074023246765137,4.5,4.247017,0.25298309326171875,174.2,180.48708,-6.287075805664074,15.2749666719,13.815203,1.4597639588873044,104.8,117.05164,-12.251643371582034
1.1,1.1543319,-0.05433192253112784,2.4,2.5334928,-0.1334928035736085,5.4,5.639819,-0.23981914520263636,159.0,167.43895,-8.438949584960938,16.101922774,20.41119,-4.309267258958986,84.4,89.20348,-4.803483581542963
0.5,0.629929,-0.12992900609970093,2.3,2.1522532,0.14774684906005842,2.7,3.4305227,-0.7305226802825926,225.1,227.03282,-1.9328216552734432,24.6283294885,40.96492,-16.336590555445312,63.4,63.387592,0.012407684326170454
0.9,0.7098509,0.1901490926742554,2.9,2.535618,0.3643819332122802,3.3,2.8488922,0.4511077880859373,207.2,194.58522,12.614779663085926,32.231295904,26.820133,5.411162694771484,147.4,110.96747,36.432531738281256
1.2,0.9944594,0.20554060935974117,2.5,2.4251473,0.07485270500183105,5.1,5.381387,-0.2813872337341312,148.0,150.50763,-2.50762939453125,27.4095854561,25.417547,1.9920382301478519,94.1,79.214096,14.885903930664057
0.8,1.0050497,-0.20504970550537105,2.3,2.2007678,0.09923224449157697,4.4,5.502871,-1.1028710365295407,234.1,166.34537,67.75463256835937,29.9399908335,24.579496,5.360494449833009,92.5,83.52242,8.977577209472656
0.5,0.6342329,-0.13423287868499756,2.3,2.4022415,-0.10224146842956561,3.8,4.7097077,-0.9097077369689943,229.6,201.87952,27.720483398437494,28.9498921247,32.81342,-3.863527217341016,116.6,103.89543,12.704568481445307
0.7000000000000001,0.8356224,-0.13562237024307244,3.6,3.2656476,0.33435235023498544,7.6,7.4008245,0.1991754531860348,230.1,214.57309,15.52691040039062,27.3803707725,26.583788,0.7965828544091806,62.8,83.07042,-20.27041931152344
0.8,0.8308171,-0.03081710338592525,2.2,2.1732225,0.026777458190918146,1.9,2.08415,-0.18415007591247567,213.1,212.20059,0.8994079589843693,29.3281799296,35.06668,-5.738500978603124,82.7,78.12881,4.571192932128909
0.8,0.7636277,0.03637229204177861,2.2,2.2347012,-0.03470115661621076,6.6,6.3807707,0.21922931671142543,254.9,282.62964,-27.729638671874994,10.6175488749,13.467946,-2.850397177651269,77.4,72.612335,4.787664794921881
0.6000000000000001,0.54940224,0.050597763061523526,2.1,2.0341873,0.06581268310546884,3.2,3.48449,-0.2844899177551268,232.0,197.59587,34.40412902832031,57.3466320363,35.25879,22.0878429738,138.0,103.38562,34.6143798828125
0.8,0.5756336,0.2243664145469666,2.1,2.3966131,-0.29661312103271475,3.6,3.160698,0.43930206298828134,247.4,248.048,-0.6480041503906193,20.0630597796,16.052765,4.010294887021875,152.5,97.37225,55.12774658203125
0.8,0.7797378,0.02026222944259648,2.1,2.1040835,-0.004083538055419833,5.2,4.6803026,0.5196973800659181,186.8,171.37354,15.426464843750011,11.0385175999,14.042074,-3.0035566035912105,105.7,114.749405,-9.04940490722656
0.7000000000000001,0.6556994,0.044300627708435125,2.5,2.8421936,-0.342193603515625,3.9,3.6177897,0.28221025466918936,259.9,218.08041,41.8195861816406,32.1454963054,29.492886,2.6526107158003924,106.2,107.32702,-1.127018737792966
1.2,1.1237594,0.07624061107635494,2.5,2.6667325,-0.1667325496673584,5.7,6.009486,-0.3094861984252928,192.5,235.59323,-43.093231201171875,24.931992555,36.85882,-11.926829313896484,80.4,83.57545,-3.1754470825195256
0.6000000000000001,0.6196455,-0.01964547634124747,2.3,2.7159474,-0.4159473896026613,3.4,3.8391526,-0.43915257453918466,211.6,199.53915,12.06084594726562,33.2885023688,36.026344,-2.737841930516403,75.3,87.819084,-12.519084167480472
0.6000000000000001,0.7229477,-0.12294771671295157,2.4,2.640958,-0.24095807075500497,3.5,3.9729812,-0.47298121452331543,256.4,217.8932,38.506796264648415,18.8116712816,23.194704,-4.383032774186134,79.4,82.91217,-3.5121704101562443
0.5,0.51981014,-0.019810140132904053,2.2,2.4300761,-0.23007612228393537,1.9,2.2829397,-0.38293967247009286,289.3,234.69644,54.603558349609386,34.3364920183,30.249773,4.086718992787304,87.1,98.009315,-10.909315490722662
1.1,1.0919352,0.008064842224121183,2.5,2.52942,-0.029419898986816406,4.7,5.3508554,-0.6508553504943846,158.3,158.67094,-0.37094421386717613,31.5210866242,25.944738,5.576348236138475,86.3,84.78473,1.5152709960937472
0.6000000000000001,0.7329361,-0.1329360842704772,1.9,2.5225458,-0.6225458145141602,6.6,6.357235,0.24276504516601527,237.7,261.11127,-23.41126708984376,11.6851845897,18.662039,-6.9768542134005855,74.5,70.229576,4.270423889160156
0.8,0.6512117,0.14878832101821904,2.3,2.5291903,-0.22919030189514178,6.6,5.4969873,1.103012657165527,246.0,217.81322,28.186782836914062,16.0170414647,17.359924,-1.3428828517062499,79.0,70.996254,8.003746032714844
0.5,0.69870895,-0.19870895147323608,2.6,2.0840092,0.5159908294677735,2.5,2.3259478,0.17405223846435547,214.8,192.52597,22.274029541015636,26.4958369289,28.883852,-2.3880150761048817,63.4,76.72445,-13.324449157714845
0.9,0.7469897,0.15301027297973635,2.2,2.566397,-0.36639695167541486,6.2,4.9603133,1.239686679840088,239.6,224.1395,15.46050415039062,11.1081125937,22.894857,-11.786744812916211,73.7,98.26974,-24.56973724365234
0.8,0.6794854,0.1205146193504334,2.8,2.6368,0.1631999492645262,3.5,3.4857752,0.014224767684936523,190.9,173.66304,17.236959838867193,39.3676292461,33.414463,5.953166202887111,128.3,109.74701,18.55299072265626
1.0,0.9276523,0.07234770059585571,2.4,2.4548876,-0.05488762855529794,3.9,4.1925454,-0.29254541397094735,170.5,201.80243,-31.30242919921875,10.7659901735,10.997599,-0.23160847457128853,58.5,66.05835,-7.558349609375
1.0,0.8936314,0.10636860132217407,2.0,2.5449653,-0.5449652671813965,3.5,4.248807,-0.7488069534301758,137.9,228.44748,-90.54747924804687,11.2686200187,12.198325,-0.9297051384655273,63.8,73.25261,-9.45260925292969
0.6000000000000001,0.5906592,0.00934079885482797,2.0,2.2927496,-0.29274964332580566,2.5,2.8760312,-0.37603116035461426,182.8,202.49481,-19.69481201171874,21.0681665564,22.632257,-1.5640909051478502,89.4,69.83033,19.569670104980474
1.2,1.2146353,-0.014635252952575728,3.4,3.0268223,0.37317767143249503,9.3,8.243984,1.0560157775878913,210.2,251.57303,-41.373028564453136,27.8587491234,28.028715,-0.1699660102669931,114.5,89.61101,24.888992309570312
0.8,0.7505243,0.04947571754455571,2.8,2.514211,0.2857890605926512,3.6,3.123568,0.4764319419860841,233.0,194.21082,38.7891845703125,34.549223667,26.95215,7.597073322151367,109.8,104.945076,4.854924011230466
0.5,0.7294559,-0.2294558882713318,2.5,2.3292153,0.17078471183776855,2.5,2.582172,-0.08217191696166992,242.3,209.10457,33.1954315185547,33.5457841637,29.662045,3.8837396385535143,89.9,82.589005,7.310995483398443
0.8,0.7518636,0.04813640117645268,2.6,2.9060888,-0.30608882904052725,3.9,4.2020206,-0.30202064514160165,291.6,209.2489,82.35109863281252,39.9319501802,33.86402,6.067928878930466,157.2,94.088264,63.11173553466796
0.9,0.9480432,-0.048043227195739724,2.5,2.992485,-0.49248504638671875,5.3,5.6183906,-0.31839056015014666,271.1,243.2821,27.817895507812523,19.4643292584,29.882523,-10.418193324607813,80.2,81.71245,-1.5124481201171847
0.7000000000000001,0.6672543,0.0327456712722779,2.3,2.5298572,-0.22985715866088885,3.9,3.7257516,0.17424836158752433,174.6,183.18768,-8.587683105468756,35.3319297422,34.99367,0.33825832496367525,109.1,99.594284,9.505715942382807
0.9,1.0410374,-0.14103744029998777,2.5,2.4962542,0.0037457942962646484,4.4,4.9683833,-0.5683833122253414,163.0,172.55028,-9.550277709960938,19.7497874801,26.330484,-6.580696910158789,79.0,89.625496,-10.625495910644531
1.0,0.92059076,0.07940924167633057,2.6,2.4158661,0.18413386344909677,6.2,4.0010457,2.1989542961120607,213.9,178.88016,35.01984252929688,21.8806673167,23.363256,-1.482589137767775,100.1,98.34521,1.7547927856445256
1.0,1.068016,-0.06801605224609375,2.2,2.6073537,-0.4073536872863768,5.3,6.0706525,-0.770652484893799,186.2,201.58891,-15.388912963867199,28.1435193963,29.213486,-1.0699663214734372,127.8,100.43324,27.366757202148435
1.1,0.94954747,0.1504525303840638,2.7,2.646197,0.05380291938781756,5.0,5.2523317,-0.2523317337036133,178.5,200.29625,-21.796249389648438,19.0875778228,29.036167,-9.94858932197539,121.6,89.606346,31.9936538696289
0.7000000000000001,0.7385274,-0.0385274171829223,2.8,2.7595897,0.040410327911376775,6.1,5.5242004,0.5757995605468746,467.8,227.80807,239.99192504882814,15.8358164772,28.505537,-12.669720555881055,60.5,73.98237,-13.482368469238281
1.1,1.1660386,-0.06603863239288321,3.5,2.654605,0.8453950881958008,6.5,5.599816,0.900184154510498,178.1,179.80974,-1.7097381591796932,19.5448648473,24.107754,-4.562888906362108,90.6,93.178215,-2.5782150268554744
1.2,1.1063551,0.0936449289321899,2.9,2.6080422,0.29195775985717765,6.3,5.4651265,0.8348734855651854,186.3,208.30048,-22.00047607421874,37.9283480197,29.383242,8.54510636625762,113.2,100.07032,13.129679870605472
0.8,0.81539345,-0.015393447875976518,2.8,2.5502625,0.24973754882812482,3.5,3.5202825,-0.020282506942749023,222.5,193.48428,29.015716552734375,33.4104255917,30.46851,2.941915917627732,140.7,115.98534,24.71466369628905
0.9,1.0799491,-0.17994914054870603,2.5,2.3364747,0.16352534294128418,5.1,5.6083302,-0.5083302497863773,170.2,165.66437,4.535632324218739,18.3586878694,18.576036,-0.21734858384706968,70.0,85.585655,-15.585655212402344
0.6000000000000001,0.6914814,-0.09148141145706168,3.4,2.8650043,0.5349956989288329,5.5,6.181077,-0.6810770034790039,252.3,214.81398,37.48601989746095,67.0949365051,57.304897,9.790039196750385,79.4,90.618126,-11.218125915527338
0.6000000000000001,0.6095284,-0.009528422355651767,2.2,2.601827,-0.40182690620422346,7.1,7.585584,-0.48558416366577184,386.1,337.61432,48.48568115234377,10.144051609,15.653582,-5.509530010262695,72.8,63.67338,9.126618194580075
0.8,0.79889923,0.0011007666587830034,2.4,2.3882625,0.011737489700317294,6.4,6.2060018,0.1939982414245609,240.4,247.66731,-7.267312622070307,13.3720870466,15.523761,-2.151673748993261,73.9,76.52266,-2.622659301757807
1.2,1.1666411,0.033358883857727006,2.4,2.445325,-0.04532489776611337,7.3,5.197536,2.1024640083312987,178.9,178.75388,0.14612426757813068,21.6315828435,25.072365,-3.4407819636289076,102.9,107.00779,-4.107789611816401
0.8,0.92956114,-0.12956113815307613,2.3,2.576083,-0.2760829448699953,2.6,4.615742,-2.0157422065734862,226.5,213.78201,12.717987060546875,33.4376573435,33.67514,-0.23748303735937526,80.4,80.25833,0.14166870117188068
0.5,0.5998877,-0.09988772869110107,2.8,2.7426507,0.057349252700805486,6.0,9.241277,-3.241276741027832,269.4,341.15988,-71.7598815917969,16.4598109829,22.611826,-6.152014960093165,69.6,65.41333,4.186669921874994
0.7000000000000001,0.59605753,0.1039424657821656,2.3,2.2917151,0.008284854888915838,2.6,2.565382,0.0346179962158204,178.7,208.4185,-29.7185028076172,23.1217455889,28.874645,-5.7528996442542955,69.6,73.21242,-3.612417602539068
0.8,0.85166067,-0.051660668849945024,2.5,2.3359795,0.16402053833007812,6.2,6.7408013,-0.5408013343811033,264.9,280.1291,-15.229089355468773,14.381072376,16.387518,-2.006445553077148,66.2,67.1848,-0.9847991943359347
0.8,0.7053833,0.09461669921875004,1.9,2.2331562,-0.3331562042236329,1.6,2.445739,-0.8457390308380126,188.2,189.23787,-1.0378692626953239,25.1656947836,30.365213,-5.19951861056504,66.9,79.41791,-12.517907714843744
0.9,1.078358,-0.17835805416107176,2.1,2.2588685,-0.15886845588684073,4.9,4.8959064,0.004093551635742543,137.9,142.7004,-4.800393676757807,22.2988959918,22.266851,0.032044566629100046,81.9,83.17474,-1.2747436523437443
0.9,0.6910737,0.20892628431320193,3.1,2.599497,0.5005029201507569,11.6,6.9203024,4.6796976089477536,412.0,363.99078,48.00921630859375,12.0006884348,17.429623,-5.428934215346484,63.8,59.27302,4.52697830200195
1.2,1.1700888,0.029911231994628862,2.9,2.7452414,0.154758596420288,4.6,5.599342,-0.9993418693542484,170.3,175.72153,-5.421527099609364,19.2322930472,24.014763,-4.78246983121797,107.0,96.48126,10.51873779296875
0.5,0.62312746,-0.12312746047973633,2.2,2.7807322,-0.5807321548461912,6.1,7.9076138,-1.8076137542724613,322.6,335.82874,-13.228735351562477,11.8416628995,27.70982,-15.868156894201173,39.3,49.841373,-10.541373443603518
0.9,0.75628394,0.14371606111526491,2.6,2.4406195,0.15938053131103525,3.9,2.2465725,1.653427505493164,204.9,204.68323,0.21677246093750568,28.1914335867,22.003326,6.1881071706843755,92.1,82.23062,9.86937866210937
1.0,0.8016579,0.19834208488464355,1.7000000000000002,2.2776458,-0.5776458263397215,2.2,2.7523756,-0.5523756027221678,131.6,165.45674,-33.85674133300782,23.2435737749,20.21959,3.0239845415015623,87.7,87.15504,0.5449630737304716
0.9,1.0402292,-0.14022920131683347,2.7,2.599854,0.10014600753784197,4.1,4.3646913,-0.264691257476807,202.0,159.92694,42.07305908203125,9.1036272167,13.593059,-4.489431369420606,61.1,69.041176,-7.941175842285155
0.6000000000000001,0.64758414,-0.047584140300750644,2.5,2.5763988,-0.07639884948730469,2.7,3.053084,-0.3530838966369627,207.2,203.09076,4.109240722656239,39.7469646265,37.272137,2.4748279382675804,79.2,85.7213,-6.521298217773435
0.8,0.773614,0.026386010646820113,2.5,2.7752051,-0.275205135345459,5.0,4.464833,0.5351672172546387,179.6,178.85909,0.7409149169921818,25.6350976166,42.45817,-16.823074227882422,119.3,108.70956,10.590443420410153
1.1,0.89865535,0.20134464502334604,3.1,2.9617424,0.1382575988769532,6.5,4.8165674,1.6834325790405273,292.4,256.37833,36.02167358398435,29.0722006191,25.23165,3.8405512202962875,77.7,97.738205,-20.038204956054685
0.8,0.82384545,-0.023845446109771684,2.4,2.46994,-0.06993994712829599,3.8,4.2068257,-0.40682573318481463,185.9,200.71933,-14.81932983398437,7.3666540171,12.133408,-4.766753575673437,62.1,61.209866,0.890134429931642
0.9,0.9256852,-0.025685226917266823,2.4,2.8552334,-0.45523343086242685,3.8,4.18321,-0.38320989608764666,142.8,148.6096,-5.809603881835926,8.6753069593,11.9531,-3.277793245167773,65.4,63.12349,2.276510620117193
0.6000000000000001,0.5618075,0.03819248676300058,2.8,2.6248467,0.17515330314636213,7.5,8.346861,-0.8468608856201172,270.9,347.85764,-76.9576354980469,13.8812366978,20.13894,-6.257704113357226,79.1,73.79272,5.307283020019526
1.0,1.0125662,-0.012566208839416504,2.7,2.5974996,0.1025003910064699,4.6,4.272872,0.32712802886962855,234.3,197.35452,36.945477294921886,9.0780979039,11.936565,-2.858467495269922,71.4,68.56576,2.834242248535162
1.2,1.1794459,0.02055413722991939,2.4,2.5912232,-0.19122323989868173,6.3,7.080885,-0.7808849334716799,182.4,173.48386,8.91614379882813,21.6764875362,23.30448,-1.6279920627990236,93.8,95.34563,-1.5456268310546903
1.0,0.9937021,0.006297886371612549,2.5,2.4399245,0.06007552146911621,4.4,5.341502,-0.9415021896362301,179.1,165.88745,13.212548828124994,20.9497839161,20.499144,0.45064031563613227,70.6,79.52466,-8.924658203125006
1.1,1.0595357,0.040464258193969815,2.5,2.8010263,-0.3010263442993164,6.1,6.733083,-0.6330827713012699,209.8,229.59404,-19.794039916992176,34.3195244039,30.964327,3.3551975453794896,75.8,79.39379,-3.5937911987304716
0.9,0.70932585,0.1906741499900818,2.2,2.2928798,-0.09287981986999494,8.2,6.6083636,1.5916363716125481,265.0,269.74908,-4.74908447265625,11.5754803735,13.351479,-1.7759982031601567,82.6,74.90176,7.698243713378901
1.1,1.1563897,-0.05638971328735343,2.7,2.8054104,-0.10541038513183576,5.3,5.03265,0.26735000610351545,168.9,175.85707,-6.957070922851557,23.0920779602,23.219498,-0.12741972046406147,86.9,90.92245,-4.022447204589838
0.5,0.6247336,-0.12473362684249878,2.2,2.4163642,-0.2163641929626463,3.6,3.8068225,-0.2068225383758544,224.4,202.1714,22.228598022460943,36.8055941085,29.862545,6.9430490950722685,94.8,98.72259,-3.9225875854492216
0.8,0.79712784,0.0028721570968628374,3.0,2.9118698,0.08813023567199707,3.8,3.4874537,0.31254630088806135,217.4,203.91043,13.48956909179688,32.6825457852,37.517162,-4.834616537798048,108.3,104.78626,3.513737487792966
0.8,0.90073735,-0.1007373452186584,2.4,2.8252134,-0.4252134323120118,3.9,4.8462863,-0.9462862968444825,231.5,255.2371,-23.737106323242188,23.3373736855,24.845016,-1.5076427939921864,78.6,88.68593,-10.085928344726568
0.9,0.76079845,0.13920154571533205,2.8,2.6093063,0.19069366455078107,3.7,3.0706546,0.6293453693389894,201.9,203.69012,-1.7901245117187443,29.5006263586,29.468454,0.032171997638087646,111.3,99.98952,11.310482788085935
0.8,0.73832697,0.06167303323745732,2.2,1.951049,0.24895102977752703,4.7,4.117161,0.5828392028808596,183.0,185.87364,-2.8736419677734375,12.7353917528,10.930072,1.8053199220504883,111.5,98.55298,12.947021484375
1.2,1.0211574,0.17884261608123775,2.3,2.3568466,-0.05684657096862811,4.9,5.042003,-0.14200315475463832,138.5,152.33167,-13.8316650390625,23.6912884624,20.540033,3.1512551219458977,84.7,82.843445,1.8565551757812528
0.6000000000000001,0.82466006,-0.2246600627899169,2.7,2.749224,-0.049223947525024236,3.6,4.5333605,-0.9333604812622069,266.3,197.95036,68.34963684082032,17.6198102888,32.441605,-14.821794325457812,107.7,106.70849,0.9915115356445341
1.1,1.1202123,-0.020212316513061435,2.7,2.6950085,0.00499148368835467,5.9,5.1287494,0.7712506294250492,283.1,226.30974,56.790261840820335,41.0221837421,26.827099,14.19508489566445,104.6,85.179054,19.420945739746088
0.7000000000000001,0.70270604,-0.0027060389518737127,2.6,2.8031175,-0.20311751365661612,2.7,3.4322722,-0.7322721958160399,155.5,194.57622,-39.07621765136719,23.2919679514,39.965378,-16.673409856217187,121.5,108.69131,12.808692932128906
1.3,1.1745799,0.12542014122009282,2.4,2.3730452,0.026954793930053622,7.0,6.48146,0.5185399055480957,158.6,156.00151,2.598489379882807,22.4120015478,20.564137,1.847865042673046,91.8,88.40667,3.3933303833007784
0.9,1.0012094,-0.10120937824249265,3.1,2.7140203,0.3859797477722169,5.0,6.5300193,-1.5300192832946777,189.1,218.40811,-29.30811157226563,28.9452364563,27.271076,1.6741602539074236,121.2,101.86454,19.335459899902347
1.0,0.8940903,0.10590970516204834,2.2,2.5037065,-0.3037064552307127,5.0,5.0560617,-0.056061744689941406,179.6,207.06537,-27.465368652343756,32.2427277383,28.758646,3.4840817269474584,60.7,67.70428,-7.004277038574216
0.9,0.75786716,0.142132842540741,2.8,2.412114,0.3878860950469969,6.5,6.139169,0.36083078384399414,236.8,258.98987,-22.18986816406249,9.7091364194,19.03256,-9.323423929110742,65.3,71.31774,-6.017741394042972
1.1,1.0280622,0.07193777561187753,2.7,2.4752512,0.22474880218505877,5.9,4.773648,1.1263522148132328,147.4,179.01608,-31.61608276367187,30.0966221095,23.113764,6.982858300295899,75.1,89.17193,-14.071928405761724
1.0,1.0156476,-0.01564764976501465,2.0,2.3142471,-0.31424713134765625,3.8,7.5602527,-3.760252666473389,136.0,145.065,-9.06500244140625,24.8260376223,22.67745,2.1485874422462885,88.7,84.83629,3.8637115478515653
0.7000000000000001,1.002318,-0.3023180246353149,3.0,2.819132,0.18086791038513184,4.9,5.2708054,-0.3708053588867184,334.6,262.01138,72.5886169433594,64.4604671048,21.529598,42.93086886871602,68.3,78.55197,-10.251971435546878
1.2,1.1696428,0.030357193946838334,3.1,2.8571863,0.24281368255615243,7.3,7.0305157,0.26948432922363263,217.3,223.94218,-6.642184448242176,40.995367461,29.347067,11.64830058172754,93.7,84.295906,9.404093933105472
0.7000000000000001,0.6424532,0.057546806335449285,2.5,2.4610617,0.038938283920288086,3.0,2.6345735,0.36542654037475586,246.1,207.83595,38.26404724121093,19.3096646738,25.620502,-6.310837798123828,103.2,102.54815,0.6518508911132841
0.5,0.77209896,-0.27209895849227905,3.5,2.303947,1.1960530281066895,3.8,4.740596,-0.9405958175659181,236.9,223.90407,12.995932006835943,54.1539847378,29.82199,24.33199567835176,93.5,103.741325,-10.241325378417969
1.1,1.0126319,0.0873681068420411,2.6,2.4510615,0.1489385128021241,4.3,5.02723,-0.7272297859191896,223.1,230.9698,-7.869802856445318,32.5714661871,38.223465,-5.651998778720312,76.5,70.42593,6.074073791503906
1.1,0.9652314,0.13476858139038095,2.5,2.4950328,0.004967212677001953,4.1,5.256591,-1.156590843200684,187.7,162.62933,25.07066650390624,21.4211423464,22.662247,-1.2411043577015626,90.2,89.18264,1.017359924316409
0.5,0.6070734,-0.10707342624664307,2.4,2.797501,-0.3975010871887208,6.1,6.801096,-0.7010959625244144,274.1,354.14,-80.04001464843748,73.7617312394,18.447483,55.314248176655866,84.7,65.29977,19.40023345947266
1.0,0.94224477,0.057755231857299805,2.6,2.3844228,0.21557722091674814,3.4,4.246441,-0.846440887451172,120.6,172.3553,-51.75530090332032,10.6216814038,11.701542,-1.0798604968347654,70.4,65.36787,5.032133483886724
0.9,0.86319333,0.03680666685104372,3.2,3.3868818,-0.1868818283081053,12.1,12.38586,-0.28586044311523473,182.4,200.35825,-17.95824584960937,20.6035452142,20.910038,-0.3064927801847652,64.3,84.91254,-20.612536621093753
1.0,0.7332436,0.26675641536712646,2.7,2.874962,-0.17496209144592267,3.8,3.6973631,0.10263686180114728,179.9,203.64711,-23.747109985351557,30.6862712102,33.6679,-2.9816288752492177,106.9,101.96708,4.932920837402349
1.1,1.0602299,0.039770102500915616,2.4,2.2489564,0.15104355812072745,4.1,4.1690707,-0.06907072067260778,159.9,183.06247,-23.16246948242187,23.3115523424,19.03312,4.278433140739843,86.3,88.80848,-2.508479309082034
1.2,1.1168982,0.0831018209457397,4.2,2.8775895,1.322410535812378,6.7,6.2248325,0.4751674652099611,205.0,210.6359,-5.635894775390625,27.1786621178,26.982666,0.1959961021749983,163.4,116.621544,46.77845611572266
1.1,1.1207979,-0.020797872543334872,2.3,2.344682,-0.044681978225708185,4.8,5.331956,-0.5319559097290041,167.3,159.45459,7.845410156250011,20.5812894028,21.712725,-1.1314352828689458,82.1,85.065605,-2.9656051635742244
0.8,0.69036555,0.10963444709777836,3.4,3.0807028,0.3192972183227538,3.9,3.5683327,0.3316673278808593,246.1,201.66284,44.437158203124994,32.1375678717,31.02564,1.1119273840291015,114.9,109.26855,5.631452941894537
1.0,0.76339793,0.2366020679473877,3.7,3.098292,0.6017078876495363,10.6,5.97114,4.628860092163086,211.3,209.29071,2.0092895507812614,24.4506557457,23.658495,0.7921607963591804,89.9,78.81652,11.083479309082037
0.7000000000000001,0.6916498,0.00835020542144782,2.6,2.2420828,0.3579171657562257,2.0,1.9311975,0.06880247592926025,229.9,210.9842,18.915792846679693,75.3765883686,27.369152,48.0074362995082,83.7,79.16561,4.534388732910159
1.0,1.0677463,-0.06774628162384033,2.2,2.6134646,-0.4134645938873289,4.8,5.149477,-0.349477005004883,212.8,223.3502,-10.550204467773426,30.5846191003,29.55454,1.030078466144726,83.5,73.320335,10.179664611816406
1.1,1.0193107,0.08068928718566903,2.2,2.054486,0.145513963699341,2.5,3.8936563,-1.3936562538146973,158.1,165.1999,-7.099905395507818,18.709550981,19.479359,-0.7698076920957035,86.7,83.45029,3.249713134765628
0.5,0.7246428,-0.224642813205719,2.8,2.66746,0.13254003524780256,7.4,9.213546,-1.8135457992553707,429.3,366.29065,63.00935058593751,62.4250766633,21.320127,41.10494917611738,79.6,49.901966,29.69803390502929
0.9,0.7550216,0.1449784278869629,3.3,2.5923018,0.7076981544494627,3.7,2.944644,0.755356025695801,191.3,204.50558,-13.205584716796864,36.2321743024,32.66312,3.5690540326246065,122.4,95.64037,26.759626770019537
0.9,0.8182814,0.08171858787536623,2.1,2.5977416,-0.49774160385131827,3.6,4.6278076,-1.0278076171875,147.5,248.52228,-101.02227783203125,9.4009147661,12.845396,-3.4444812757701175,64.7,68.676186,-3.9761856079101534
0.9,0.7208533,0.17914667129516604,2.7,2.4526954,0.2473046302795412,3.1,2.9155252,0.184474802017212,159.7,181.58054,-21.880535888671886,39.7116534951,36.17392,3.537733817365627,100.6,100.11222,0.48777923583983807
0.5,0.6079416,-0.1079416275024414,2.0,2.2263944,-0.2263944149017334,3.2,3.58179,-0.38178997039794904,196.4,197.31021,-0.9102111816406193,22.4032140776,27.171156,-4.767941851965428,90.7,99.32324,-8.623242187499997
1.0,0.9736009,0.026399075984954834,2.1,2.446522,-0.34652199745178214,2.4,4.4720044,-2.0720044136047364,160.9,232.21724,-71.3172393798828,61.3145980082,29.840837,31.473760529562306,88.5,104.03652,-15.536521911621094
0.5,0.684347,-0.1843469738960266,2.1,2.1649802,-0.06498017311096183,1.7000000000000002,2.2056994,-0.5056994438171385,162.6,204.55551,-41.95551147460938,41.0101857715,28.781069,12.229116969620115,77.1,69.76493,7.335069274902338
0.5,0.73029363,-0.2302936315536499,2.4,2.5252304,-0.12523040771484384,3.0,2.9889586,0.011041402816772461,204.2,196.63405,7.565951538085926,30.8325747315,26.885462,3.947112924249023,94.2,101.92586,-7.72585754394531
1.0,1.1195837,-0.11958372592926025,2.0,2.3659825,-0.3659825325012207,5.7,5.223452,0.47654790878295916,141.9,176.27861,-34.37861022949218,22.0044184915,21.706219,0.2981997720175791,109.4,97.388275,12.01172485351563
1.1,1.1754124,-0.0754124164581298,2.1,2.2902122,-0.19021215438842765,4.5,5.1548676,-0.6548676490783691,145.4,153.72478,-8.324777221679682,13.2551102138,20.894638,-7.639527847723437,94.1,89.110886,4.989114379882807
0.8,0.7632331,0.036766874790191695,2.6,2.686088,-0.08608808517456046,2.9,3.04481,-0.14481005668640146,185.5,197.35321,-11.85321044921875,30.6203950491,28.559925,2.0604699697542976,96.1,98.12748,-2.027479553222662
1.2,1.068878,0.1311219453811645,2.5,2.8276355,-0.3276355266571045,4.8,4.597238,0.20276193618774396,157.6,188.39722,-30.797216796875006,24.236944282,27.94452,-3.707576668317383,80.2,85.39712,-5.197117614746091
1.1,1.120789,-0.020789051055908114,2.6,2.4461823,0.1538177490234376,4.9,5.0881324,-0.18813238143920863,176.9,167.42082,9.479177856445318,27.881742249,21.673325,6.208417664039061,84.6,87.60423,-3.004232788085943
1.1,1.0801234,0.019876575469970792,2.5,2.4183621,0.08163785934448242,3.6,4.2587776,-0.658777618408203,174.7,169.72858,4.971423339843739,19.3564958232,24.239777,-4.8832807881281255,74.5,90.440926,-15.940925598144531
0.8,0.87086964,-0.07086963653564449,2.5,2.750746,-0.2507460117340088,4.5,4.9555593,-0.45555925369262695,187.1,211.56963,-24.469625854492193,38.4506261786,29.968668,8.481958194591208,84.3,97.367004,-13.067004394531253
0.7000000000000001,0.7193966,-0.01939659118652337,2.7,2.713691,-0.013690996170043768,3.6,3.3519568,0.2480431556701661,205.2,224.80281,-19.602810668945324,38.7845246918,33.813477,4.9710481293000015,93.1,110.59052,-17.490522766113287
0.5,0.72384053,-0.22384053468704224,2.2,2.4691048,-0.26910476684570295,3.1,3.8581793,-0.7581793308258056,187.3,202.32677,-15.026766967773426,38.5533778081,29.99508,8.558296860224026,94.3,96.82757,-2.5275680541992216
0.8,0.68085843,0.1191415667533875,2.3,2.226697,0.07330303192138654,2.7,2.695872,0.0041279315948488104,244.9,214.39043,30.509573364257818,28.2660321375,29.13716,-0.871127210034178,80.1,69.29616,10.803842163085932
0.9,0.7980439,0.10195609331130984,3.0,2.757908,0.24209189414978027,5.4,4.7117615,0.6882385253906254,237.6,227.99858,9.601419067382807,23.9778235754,26.01065,-2.0328270593656264,85.7,80.21265,5.487353515625003
0.8,0.95993245,-0.15993244647979732,2.6,2.7507303,-0.150730276107788,3.8,5.027481,-1.2274810791015627,216.3,223.57504,-7.275042724609364,17.0316342327,25.806246,-8.774611571133008,61.2,69.25701,-8.057011413574216
1.2,1.2759457,-0.07594566345214848,3.0,2.9979033,0.0020966529846191406,3.7,5.985241,-2.2852409362792967,226.3,250.065,-23.76500244140624,39.3884746778,28.108177,11.280297492741404,120.2,123.37929,-3.1792877197265597
1.3,1.1070249,0.19297509193420415,2.5,2.5077102,-0.00771021842956543,7.9,5.112859,2.7871412277221683,175.2,197.89421,-22.6942108154297,24.7306112617,24.420382,0.3102297156794904,111.1,97.66921,13.4307876586914
0.8,0.6979742,0.1020257949829102,2.7,2.6972313,0.0027687072753908026,8.3,7.2203546,1.0796454429626472,290.0,303.24844,-13.248443603515625,27.122097919,14.707132,12.414965579522462,56.3,63.75611,-7.456111145019534
0.4,0.6336677,-0.23366770744323728,2.3,2.4122674,-0.11226744651794451,3.2,3.4069657,-0.2069657325744627,316.4,266.26312,50.13687744140623,34.5759572892,25.14914,9.426817884903123,106.6,104.37421,2.2257934570312443
1.4,1.0591348,0.3408651590347289,2.4,2.5239773,-0.12397727966308603,3.6,4.1790166,-0.5790165901184081,112.8,147.13622,-34.33621520996094,11.1179391733,12.597451,-1.4795120367219727,69.6,72.52046,-2.920462036132818
0.7000000000000001,0.7947553,-0.09475528001785272,2.3,2.402307,-0.10230703353881854,6.0,6.3420787,-0.34207868576049805,232.4,252.2967,-19.896707153320307,10.0963119124,15.89531,-5.798998489516505,66.6,71.49293,-4.892927551269537
1.2,1.1347785,0.06522150039672847,2.7,2.544323,0.1556770324707033,5.0,5.253066,-0.2530660629272461,169.4,189.56381,-20.16381225585937,23.5048242153,20.37449,3.130333477384962,103.0,101.03539,1.9646072387695312
0.7000000000000001,0.6880181,0.011981916427612371,2.2,2.396301,-0.19630103111267072,5.2,4.089114,1.110885810852051,230.4,236.38554,-5.985543823242182,15.7644361936,19.053143,-3.288706354007422,148.1,87.95021,60.14978942871093
0.8,0.7923864,0.007613587379455611,2.7,2.6851354,0.014864635467529475,3.6,3.226701,0.3732989788055421,192.3,199.69336,-7.393359374999989,38.9864207334,36.27628,2.710141283937112,108.0,95.45207,12.547927856445312
1.2,1.0472722,0.15272779464721675,2.9,2.6886945,0.21130552291870108,6.5,5.2348847,1.2651152610778809,251.3,289.01654,-37.71654052734374,39.3749240057,25.81621,13.558714212609182,109.1,105.30926,3.7907424926757756
1.1,0.8426507,0.2573492884635926,2.2,1.9349344,0.2650656223297121,3.9,2.771003,1.128996992111206,157.4,160.47311,-3.0731140136718693,15.6699765584,21.952133,-6.282156620310937,84.9,81.05081,3.8491882324218807
0.8,0.79473513,0.005264866352081343,2.7,2.5587127,0.1412872791290285,3.5,2.9711287,0.5288712978363037,196.4,189.32443,7.075567626953131,28.9569843607,31.36849,-2.4115058584162092,119.9,106.58446,13.315542602539068
1.2,1.2771075,-0.0771074771881104,2.8,2.7897174,0.01028256416320783,4.6,5.0527115,-0.4527114868164066,268.6,227.3226,41.27739868164065,28.2627903511,27.914484,0.3483063270521498,117.5,128.01202,-10.51202392578125
0.5,0.69641405,-0.196414053440094,2.5,2.7096694,-0.2096693515777588,4.1,4.1414104,-0.0414103507995609,191.5,192.68724,-1.1872406005859375,38.3864425842,32.58429,5.802153033418747,97.5,110.48031,-12.980308532714844
0.6000000000000001,0.7721107,-0.17211070060729972,2.4,1.9825176,0.41748239994049063,7.0,6.5829587,0.4170413017272949,221.0,232.66325,-11.663253784179688,11.9922083878,16.64804,-4.655832383684375,75.1,73.58716,1.5128417968749943
1.0,0.8039047,0.1960952877998352,2.1,2.0625954,0.037404632568359464,3.8,4.1660376,-0.3660375595092775,195.3,181.03146,14.268536376953136,10.4651854671,9.729947,0.7352383769510737,127.9,114.479095,13.42090454101563
0.6000000000000001,0.61452603,-0.014526033401489169,3.2,2.5982585,0.6017415046691896,6.4,6.424077,-0.024077033996581676,274.3,350.55783,-76.25783081054686,31.8596987371,17.076736,14.782962286904688,31.7,61.82953,-30.12952880859375
0.9,0.739325,0.16067501306533816,2.3,2.9724715,-0.6724714756011965,5.0,4.031402,0.9685978889465332,292.8,241.70653,51.093472290039074,62.2843612319,27.166084,35.11827694234922,85.5,94.06678,-8.566780090332031
0.9,0.99852,-0.09852001667022703,3.4,2.838969,0.5610310077667235,5.1,6.257129,-1.1571291923522953,189.3,202.53459,-13.234591674804676,20.4500969209,29.726973,-9.276875659056056,107.0,103.06509,3.9349136352539062
0.8,0.7782587,0.0217413187026978,3.1,2.4694042,0.6305957794189454,6.3,6.1384287,0.16157131195068342,224.5,283.80768,-59.30767822265625,12.4668765754,14.939028,-2.472151210854882,68.3,73.36345,-5.06344909667969
0.8,0.686756,0.11324398517608647,2.4,2.4876506,-0.08765063285827646,4.5,3.8932953,0.6067047119140625,180.1,215.46797,-35.36797180175782,19.5998096748,33.014458,-13.41464802783672,59.8,74.45309,-14.653086853027347
0.4,0.60812914,-0.20812914371490476,2.0,2.4675956,-0.46759557723999023,2.7,4.28671,-1.5867097854614256,199.1,197.9146,1.1854034423828068,30.8267241228,27.180635,3.646088670529494,87.1,92.61671,-5.516706848144537
0.4,0.54570276,-0.14570275545120237,2.6,2.132073,0.46792707443237314,2.0,2.1779501,-0.17795014381408691,236.3,214.5915,21.7084930419922,23.6116870874,26.808996,-3.1973091131615234,67.0,68.26035,-1.2603530883789062
1.0,1.0066454,-0.0066454410552978516,2.5,2.5589957,-0.058995723724365234,10.1,4.314478,5.785522079467773,188.7,175.13756,13.562442016601551,21.3299394076,26.328917,-4.998977142082616,102.0,87.13995,14.86004638671875
1.2,1.1987019,0.001298141479492143,3.3,2.9008706,0.3991294384002684,7.4,6.108045,1.2919548988342289,206.0,222.19966,-16.199661254882812,24.0261766825,30.217985,-6.191808470698241,90.8,93.098404,-2.2984039306640653
1.0,1.0355126,-0.035512566566467285,2.7,2.8346164,-0.13461642265319806,6.3,6.1867247,0.1132753372192381,177.1,203.90965,-26.809652709960943,25.9980104983,29.507368,-3.5093575894685536,109.2,103.334465,5.865534973144534
0.7000000000000001,0.7337943,-0.0337942719459533,2.1,2.2432697,-0.1432696819305419,1.8,2.4014423,-0.601442289352417,208.2,209.4134,-1.2134063720703239,25.6731698648,29.619205,-3.946035610053517,63.0,71.097275,-8.097274780273438
1.2,1.1736485,0.026351523399352983,3.7,3.5826547,0.11734528541564959,7.7,7.122734,0.5772659301757814,388.8,286.8623,101.93769531250001,30.1613666804,34.72604,-4.564673206074609,102.6,91.526344,11.073655700683588
0.9,0.70175654,0.19824346303939822,3.1,2.7382133,0.36178669929504403,7.1,7.589765,-0.48976507186889684,274.8,339.92593,-65.12593383789061,20.7718691196,16.93795,3.833918985322658,75.2,56.9167,18.283301544189456
1.2,1.0014511,0.1985488653182983,2.6,2.3928647,0.20713529586792,4.5,4.9558783,-0.45587825775146484,143.5,181.8181,-38.31809997558594,25.9092960519,26.003538,-0.09424207981386701,107.5,84.61123,22.888771057128906
0.9,0.77188003,0.12811996936798098,3.4,3.0736837,0.3263162612915038,6.0,6.4829717,-0.4829716682434082,175.9,188.2591,-12.359094238281244,24.2143638913,33.62049,-9.406127136532032,113.8,110.82691,2.973088073730466
0.8,0.8246878,-0.024687778949737504,3.0,2.8978536,0.10214638710021973,5.4,5.8407555,-0.440755462646484,271.0,249.68123,21.318771362304688,36.3170150092,32.522476,3.794538812910936,87.4,88.604515,-1.204515075683588
0.9,0.7599574,0.1400426268577576,2.2,2.409332,-0.20933203697204572,5.0,3.86091,1.1390900611877441,226.9,193.69041,33.20958557128907,11.9169411665,14.466656,-2.5497145647011727,117.0,95.415985,21.584014892578125
0.6000000000000001,0.627001,-0.02700098752975455,2.4,2.8309557,-0.43095574378967294,7.6,6.4970145,1.1029854774475094,297.6,368.01895,-70.4189514160156,9.8899526035,16.36009,-6.470137652237305,57.2,66.411064,-9.211064147949216
0.7000000000000001,0.677378,0.022622001171112127,3.6,2.193455,1.4065450191497804,3.8,4.3099966,-0.5099966049194338,269.2,240.84665,28.353350830078114,31.6369788643,31.069122,0.5678565498468764,117.4,105.14985,12.250151062011724
0.8,0.61107486,0.18892513513565068,3.3,2.8509696,0.4490304470062254,8.8,7.208619,1.5913808822631843,292.3,329.696,-37.396014404296864,17.987861182,14.280062,3.707799460198242,60.0,57.792362,2.2076377868652344
1.1,1.0315396,0.06846044063568124,2.5,2.6814604,-0.18146038055419922,8.4,6.246995,2.1530050277709964,230.4,216.81316,13.586843872070318,23.3052707322,30.659056,-7.353784977638867,107.6,95.19903,12.400971984863276
0.8,0.7276443,0.0723556756973267,2.0,2.2380822,-0.2380821704864502,2.1,2.2089372,-0.1089371681213378,254.5,238.26453,16.2354736328125,29.8603220029,22.053331,7.806990627777928,75.6,71.823204,3.7767959594726506
0.8,0.8164018,-0.0164017796516418,3.2,3.021773,0.17822690010070819,5.2,4.3439927,0.8560072898864748,218.9,192.783,26.116995239257818,38.1027343,34.610455,3.4922797406738297,134.1,110.19221,23.907792663574213
0.6000000000000001,0.74929065,-0.149290645122528,3.0,2.8152287,0.18477129936218262,3.9,4.5221653,-0.6221652984619142,250.8,208.92746,41.872540283203136,27.9070207463,43.11357,-15.206550420692189,126.7,111.695076,15.004924011230472
0.7000000000000001,0.6786823,0.021317672729492254,2.1,2.085283,0.014716958999633878,2.1,2.2623367,-0.16233673095703116,223.9,210.26099,13.639013671875006,30.9495348484,29.870512,1.0790228397330068,79.2,77.7527,1.4472991943359403
1.1,0.97352225,0.12647775411605844,3.5,3.1588652,0.34113478660583496,6.4,6.197444,0.2025560379028324,300.8,224.84322,75.9567840576172,21.2852652035,29.020367,-7.735101465201172,99.5,103.38291,-3.8829116821289062
1.1,1.0719254,0.02807459831237802,2.6,2.7552853,-0.15528526306152335,3.5,4.2553406,-0.755340576171875,127.1,156.28333,-29.183325195312506,9.5359736625,11.535696,-1.999722367163086,71.5,71.954285,-0.45428466796875
0.9,0.79074836,0.10925164222717287,3.4,3.5414193,-0.14141926765441903,9.7,5.8558974,3.8441025733947747,218.5,213.95406,4.5459442138671875,32.6282095538,25.377329,7.250880681119334,67.0,79.07668,-12.076683044433594
1.2,1.1043422,0.09565777778625484,3.4,3.0906787,0.30932130813598624,9.8,6.753298,3.046702194213868,257.5,271.5314,-14.031402587890625,45.2584429907,34.366653,10.891789548317185,87.3,88.045296,-0.7452957153320341
1.1,0.8575657,0.24243429899215707,2.0,2.3367095,-0.33670949935913086,4.6,3.5099638,1.0900362491607662,184.8,160.46608,24.33392028808595,24.9936180111,24.45933,0.5342884059974615,79.8,87.01534,-7.215342712402347
0.7000000000000001,0.7526226,-0.05262260437011712,2.1,2.0161798,0.08382019996643075,4.8,4.7121983,0.08780174255371076,193.4,206.02228,-12.622277832031244,10.4291984369,11.15557,-0.7263715933124022,96.8,101.07987,-4.279872131347659
0.9,0.80079406,0.09920593500137331,3.1,3.0518415,0.04815850257873544,4.9,6.2444916,-1.3444915771484371,187.1,210.10265,-23.002645874023443,21.7062375181,27.047028,-5.340790069790625,106.6,106.6859,-0.08589782714844318
0.6000000000000001,0.66112304,-0.06112303733825675,2.5,2.755163,-0.25516295433044434,2.4,2.0355415,0.3644584655761718,255.4,242.97963,12.420370483398443,26.7566600403,27.435177,-0.6785168090652327,76.7,65.74038,10.959620666503909
0.9,0.5998972,0.30010279417037966,2.4,2.3136258,0.08637418746948233,5.8,6.2639666,-0.4639665603637697,233.1,278.36136,-45.26135864257813,13.9863597382,26.276815,-12.290455676228712,84.3,93.88856,-9.588557434082034
0.7000000000000001,0.550384,0.14961601495742805,2.0,2.3689585,-0.3689584732055664,3.0,3.1077366,-0.10773658752441406,200.2,218.16206,-17.962063598632824,47.6692790998,35.26331,12.405969621040235,71.1,89.31572,-18.215719604492193
0.9,0.6312671,0.26873292922973635,3.0,2.6444345,0.35556554794311523,7.2,6.26166,0.9383399009704592,286.0,377.74805,-91.748046875,14.9620660303,18.730757,-3.768690729343554,77.0,59.039913,17.960086822509766
0.5,0.66142327,-0.16142326593399048,2.0,2.6698806,-0.6698806285858154,6.3,7.0647764,-0.7647764205932619,300.0,353.24817,-53.2481689453125,6.7133779365,21.506184,-14.79280568776758,52.5,48.924328,3.575672149658203
1.1,1.1255797,-0.02557971477508536,2.5,2.2720513,0.22794866561889648,2.8,3.1008868,-0.30088682174682635,169.1,166.20494,2.895059204101557,17.7769203965,19.05834,-1.2814196761318364,78.8,94.08373,-15.283732604980472
0.7000000000000001,0.7820019,-0.08200191259384149,2.2,2.3446467,-0.1446466922760008,3.4,4.6381035,-1.238103485107422,190.9,224.23999,-33.339990234374994,32.5539331454,27.953184,4.600749017592385,94.8,90.404144,4.395855712890622
0.6000000000000001,0.5244508,0.07554922103881845,2.3,2.5329595,-0.23295946121215838,6.0,5.993573,0.006426811218261719,350.4,343.26898,7.131018066406227,17.0994206119,19.241293,-2.1418723415912098,85.8,59.689102,26.110897827148435
0.7000000000000001,0.6421208,0.05787922143936164,2.5,2.6871576,-0.18715763092041016,2.6,3.194232,-0.5942319869995116,223.9,201.90224,21.997763061523443,33.1048262313,39.350304,-6.245477418602341,97.4,102.95658,-5.556581115722651
0.8,0.81035686,-0.01035685539245601,1.9,2.0138273,-0.11382732391357431,4.1,4.4087677,-0.30876770019531286,205.6,221.60025,-16.00025024414063,12.6067648657,16.76986,-4.163094448264843,127.5,110.7114,16.788597106933594
1.0,0.75509155,0.24490845203399658,2.8,2.223326,0.5766740322113035,3.7,3.2168245,0.4831754684448244,245.2,199.957,45.242999267578114,34.1019212306,30.165106,3.93681541089785,79.8,64.87501,14.924992370605466
0.9,0.97087514,-0.07087514400482176,4.3,3.5574625,0.7425375461578367,4.3,4.9335604,-0.633560371398926,479.9,400.22552,79.67447509765623,33.7722751374,31.326443,2.445832418894142,41.8,78.79134,-36.99134368896485
1.2,0.9907304,0.20926959514617915,2.6,2.1637833,0.436216688156128,4.3,3.465899,0.8341010093688963,271.4,199.00647,72.39353027343748,27.1904127254,25.829853,1.3605596675386735,112.3,88.45888,23.841122436523435
1.1,0.9605453,0.13945469856262216,3.3,3.1562376,0.1437623977661131,6.7,6.0623064,0.6376935958862306,234.4,243.0524,-8.65239868164062,25.3138053845,28.291805,-2.977999882833984,65.5,91.97241,-26.472412109375
0.9,0.8169414,0.08305861949920657,4.0,3.2846372,0.7153627872467041,11.5,7.000371,4.499629020690918,220.4,205.21341,15.18659057617188,34.967672171,20.87389,14.093782247904294,91.4,83.95594,7.444059753417974
0.5,0.5148955,-0.014895498752593994,2.4,2.4854627,-0.08546266555786142,2.6,2.4506323,0.14936766624450692,222.7,225.47528,-2.7752807617187614,21.9651376445,24.539995,-2.574857548981445,99.9,101.34749,-1.4474884033203068
0.7000000000000001,0.70792747,-0.007927465438842707,2.8,2.7041497,0.0958502769470213,6.7,6.3533573,0.3466426849365236,352.0,331.54132,20.45867919921875,11.3757013489,27.229034,-15.853333074928125,74.1,76.63962,-2.5396179199218807
0.8,0.70935565,0.09064434766769414,2.8,2.9459429,-0.1459428787231447,4.2,3.653087,0.5469130992889406,204.0,218.94334,-14.943344116210938,46.5338697803,37.14218,9.391688383815627,100.1,114.98251,-14.88251342773438
1.1,0.9857401,0.11425987482070932,2.7,2.899483,-0.19948296546936017,5.5,5.5198865,-0.019886493682861328,221.7,203.40875,18.29124755859374,35.3884852411,26.670284,8.718200969859765,94.4,92.75482,1.6451782226562557
0.6000000000000001,0.63246554,-0.03246554136276236,2.4,2.2477336,0.15226640701293936,2.1,2.397988,-0.29798808097839347,202.8,216.88005,-14.080050659179676,48.7588421458,30.383688,18.375154172777542,53.0,70.19951,-17.199508666992188
0.7000000000000001,0.7480064,-0.04800640344619744,2.7,2.7104068,-0.010406780242919744,3.9,3.904092,-0.004092073440551847,210.8,217.87721,-7.077212524414051,51.4859659373,37.402275,14.083690851850783,93.2,99.48383,-6.283833312988278
1.0,0.84438807,0.15561193227767944,3.6,3.3366816,0.2633183956146241,5.4,6.9906383,-1.5906382560729977,319.2,342.4241,-23.224102783203136,39.8682613183,22.626844,17.24141691217207,54.5,81.774895,-27.27489471435547
0.5,0.7196259,-0.21962589025497437,1.8,2.577787,-0.7777869224548339,1.7000000000000002,2.864895,-1.1648951053619383,185.2,180.12854,5.071459960937489,32.6384569415,36.39696,-3.7585042706582,79.1,85.78169,-6.681692504882818
0.9,0.823434,0.07656600475311282,2.5,3.089229,-0.5892291069030762,5.0,4.8001413,0.1998586654663086,295.3,233.82036,61.479641723632824,38.4850432438,31.56693,6.918112472925976,113.5,99.79808,13.701919555664062
0.6000000000000001,0.6046967,-0.004696691036224276,2.5,2.2724648,0.22753524780273438,2.8,3.3550565,-0.5550565242767336,194.6,225.01558,-30.415579223632818,25.5264258802,26.832317,-1.3058914720949204,85.7,97.81952,-12.119519042968747
0.8,0.752957,0.047043013572692916,2.9,2.6526625,0.24733748435974112,3.5,3.3118148,0.1881852149963379,184.5,206.37595,-21.875946044921875,64.43661789,36.246307,28.19031051695312,103.1,100.38445,2.7155471801757756
0.8,0.71733314,0.08266686201095585,2.8,2.8756962,-0.07569618225097674,3.3,4.253851,-0.9538509368896486,227.4,227.38136,0.018637084960943184,45.1855986085,33.510345,11.675253149515626,117.1,114.26607,2.833932495117182
1.1,1.013797,0.08620295524597177,2.5,2.4112701,0.0887298583984375,5.6,5.449435,0.15056476593017543,156.0,149.32533,6.6746673583984375,29.9162359156,25.185532,4.730704299389064,86.0,88.142876,-2.1428756713867188
1.1,0.98711157,0.11288843154907235,3.1,2.8516135,0.24838647842407235,5.5,6.0557833,-0.5557832717895508,199.8,198.73924,1.0607574462890739,34.5126339704,30.969215,3.543418577333597,151.8,113.154594,38.64540557861329
0.6000000000000001,0.59574074,0.004259264469146817,2.6,2.4693322,0.13066778182983407,2.5,2.7233527,-0.22335267066955566,165.5,212.58281,-47.08280944824219,32.9753589005,42.425426,-9.450067582654299,65.7,84.21411,-18.514111328124997
1.1,0.96971375,0.1302862524986268,2.5,2.25972,0.2402799129486084,5.9,3.23402,2.6659800052642826,175.9,180.12082,-4.220819091796869,18.7366498613,21.168175,-2.4315248823523454,82.1,81.706955,0.3930450439453068
1.1,1.0227426,0.07725737094879159,2.6,2.5930316,0.006968355178833097,4.3,4.1085315,0.19146852493286115,194.5,164.1312,30.368804931640625,12.1612160453,13.467207,-1.305990909656055,66.8,69.42799,-2.6279937744140653
1.1,1.170211,-0.07021095752716056,2.4,2.8186917,-0.41869173049926767,5.4,6.5270114,-1.127011394500732,224.8,305.6098,-80.80980224609374,25.483920422,33.789303,-8.305382403927734,71.8,85.32312,-13.523120117187503
1.1,1.0131885,0.0868115186691285,2.6,2.381488,0.21851191520690927,4.0,4.497298,-0.4972977638244629,136.1,131.62402,4.475976562499994,8.5565630208,11.887152,-3.330588697339648,69.9,69.84558,0.054418945312505684
0.9,0.9239141,-0.02391407489776609,2.7,2.9380505,-0.23805050849914533,4.7,4.3671303,0.33286972045898455,207.9,232.9901,-25.090097045898432,31.2533279848,31.199476,0.05385174273456883,132.7,134.43042,-1.7304199218750114
0.8,0.7868436,0.013156402111053511,3.0,2.823284,0.17671608924865723,4.0,3.6854239,0.3145761489868164,188.6,197.85071,-9.250708007812506,44.2426473999,34.371,9.871649017331642,113.4,102.544,10.856001281738287
0.8,0.8640143,-0.06401432752609248,2.6,2.749898,-0.14989795684814444,3.6,4.3834667,-0.7834667205810546,172.3,226.90631,-54.60631103515624,24.7750110601,29.19814,-4.423128130573829,80.1,85.19595,-5.095953369140631
0.4,0.66249263,-0.26249263286590574,2.8,2.482398,0.31760196685791,2.6,3.9131072,-1.31310715675354,296.9,221.52039,75.37961425781248,27.5878554307,28.674133,-1.0862778700812505,146.2,84.660706,61.53929443359374
1.1,0.99544513,0.10455486774444589,2.1,2.463802,-0.3638020992279052,4.6,4.8427525,-0.24275245666503942,145.8,168.6991,-22.89909667968749,28.8900854881,23.712086,5.1779997642230455,75.3,83.38215,-8.082148742675784
0.9,0.79540586,0.10459413528442385,3.0,2.8517885,0.14821147918701172,3.7,3.522698,0.17730207443237322,163.4,200.03235,-36.632348632812494,47.6887757643,32.93139,14.757386909319528,139.6,105.160675,34.43932495117187
