B,Cu,Zn,Fe,S,Mn
1.1434258,2.4830225,4.892158,178.43436,22.485373,93.57159
0.6787924,2.738453,6.256952,280.8342,13.4405775,69.38864
0.87490314,2.754316,5.2429395,223.92392,28.51217,81.33398
0.7702222,2.3837652,3.309724,206.58862,27.22499,80.054344
0.7628808,2.5423265,4.6156883,214.02997,13.695203,107.804596
0.7340877,2.7853768,4.0662766,227.07559,24.82617,85.346886
0.74074537,2.2685065,3.2116418,244.42023,29.53862,98.32926
0.66460013,2.4403296,3.7878413,207.16364,15.094806,110.67925
0.6558448,2.5211916,3.230206,204.58049,36.171383,104.58734
0.7887845,2.361612,4.193929,186.38753,13.654628,74.091736
0.7035207,2.6057413,6.248491,255.82611,13.724661,79.33873
0.77851737,2.3896909,3.4349668,212.97293,28.381079,87.10917
1.1592989,2.6049418,5.331182,182.03368,24.95967,93.08958
0.7428623,2.457477,4.065026,240.01398,29.96564,95.65013
1.1571391,2.5105352,5.199985,186.6192,25.3292,95.739204
0.8684887,2.9149036,5.470974,227.4295,27.83695,85.577255
0.672504,2.6151538,7.08761,277.82416,13.497172,69.93313
0.7504802,2.7992542,4.0144634,219.39848,37.32489,94.63378
0.7633951,2.3181314,3.1380105,221.42407,27.043772,78.22551
0.73117477,2.7826598,6.720269,260.00464,13.217501,68.69754
0.65566593,2.5121167,3.4826705,213.81342,34.866837,99.56081
0.7603815,2.605241,4.9529185,208.211,18.650364,80.574875
0.6682806,2.4663737,7.062578,292.17166,16.29665,73.96607
1.1350178,2.463488,5.4977193,182.74518,25.61047,93.393105
0.6612287,2.5356874,3.8210292,215.88644,39.90217,99.54927
0.6878634,2.4824522,3.4188669,209.496,36.16896,98.92111
0.71190244,2.4663084,3.8882372,227.0102,18.16317,98.01473
1.1214609,2.429892,5.1395326,189.72116,23.872374,97.76469
0.8077505,2.576177,3.948353,211.72142,26.36873,85.3265
0.73940116,2.9061625,4.053234,214.34914,36.04351,95.32476
0.6910484,2.5686464,7.46441,276.05304,13.603962,71.49115
0.6973528,2.6071417,4.1304755,217.45674,38.445282,99.13729
0.7878879,2.4738028,3.849518,223.48328,24.289488,94.843575
0.7825927,3.0924184,6.302039,225.90617,26.709114,83.998024
0.70269537,2.51719,6.980719,247.7923,16.670717,81.94199
0.72134167,2.4428344,6.8513937,268.24222,13.16433,69.86291
1.0831327,2.2722783,4.593933,181.97345,24.013548,96.17131
0.719241,3.129958,4.0085654,206.98422,37.18083,100.58114
0.6864954,2.5271702,3.267468,205.44868,34.562695,103.228775
0.7440836,2.7390583,4.6524544,219.39723,26.794657,88.97362
0.7303681,2.4140346,4.365162,174.83817,12.439082,72.52756
0.6810357,2.6179082,3.72666,206.67238,32.35026,100.29488
0.6783308,2.5867016,6.687282,252.35146,16.399096,77.153694
0.73815304,2.477645,4.0354357,198.64716,13.735993,93.031265
0.66395056,2.5006409,3.5088966,217.59065,37.032925,95.342896
0.7450666,2.930588,4.2039237,218.95432,36.725147,95.34286
1.1261849,2.3788486,5.0669837,182.77097,23.388542,105.3292
0.68792635,2.6596856,6.8451705,247.56708,16.304762,77.672844
0.7524079,2.4993813,6.174728,241.40866,16.784319,76.169205
0.8487163,2.585979,4.555611,216.78462,22.86328,87.79229
0.68179774,2.4422436,3.052952,255.93568,30.652376,99.41867
0.74602526,2.3306744,2.9611223,204.78008,25.99023,79.845276
1.1495757,2.5446973,5.476636,185.47028,26.58074,88.24944
1.0948805,2.4155216,4.4217806,192.29256,25.375605,91.11615
0.7744223,2.662162,3.3137517,207.79721,27.964104,78.81378
0.84992146,3.175258,5.765773,222.46683,31.590322,95.69169
1.1386225,2.3400717,5.064575,180.63292,21.993912,89.892525
1.1574193,2.4826553,5.2108984,180.02438,25.672747,90.61126
0.6407894,2.562077,3.2210135,209.22305,31.055399,98.14204
0.75312114,2.3570158,6.13399,249.2102,14.174481,73.35278
0.7683473,2.2670085,6.2289276,252.85806,15.154359,79.95168
0.8651537,2.6740603,5.2399764,221.52187,30.09564,90.58871
0.72085875,2.4329884,4.0472817,209.26546,13.9396,94.94262
1.1589835,2.4548845,4.6689334,185.0033,26.158731,91.36827
0.8067268,2.981783,4.7029896,209.60822,26.657558,85.83959
0.7139937,2.6537862,3.6553648,210.3684,35.663013,96.91437
0.67361087,2.5130723,3.3653722,208.11284,35.657036,101.56335
0.68156165,2.6315134,6.8498335,272.49603,14.449934,66.93902
0.722868,2.5090172,3.997522,231.13307,17.871313,96.56724
0.6621869,2.6179516,6.454317,311.24683,16.968002,66.3162
0.68375546,2.6229112,3.328489,221.00519,28.634945,93.45289
1.0739465,2.3845718,4.6965666,180.10913,23.171883,89.94573
0.7753885,2.4063056,3.8003001,219.31168,29.184532,92.88884
1.1005868,2.4297059,4.4735174,178.77263,25.503819,89.17673
0.7112753,2.6361616,3.5086057,207.23259,30.54121,96.75497
0.7869724,2.4786532,3.6312194,215.55327,22.7011,101.302025
1.1240067,2.411442,5.123453,183.09956,22.253366,89.361
0.76304907,2.4351296,3.8708003,223.0152,29.40512,88.22883
0.70284796,2.664844,4.386149,216.63655,17.586569,89.15292
1.1249871,2.550082,5.3749857,182.16418,26.679024,87.318306
0.7113865,2.6697447,4.2182226,218.60483,37.357502,99.87972
0.6487704,2.79914,6.1212378,296.38477,13.58118,76.19747
0.81978387,2.537407,3.9824955,186.0242,15.210153,70.228806
1.1157703,2.4653375,4.894784,182.52406,24.9521,95.06421
0.73765844,2.6574948,4.629051,208.99811,28.405293,89.26705
0.79559857,2.3157125,3.7414594,215.62553,16.884193,107.92073
0.73123485,2.5575225,3.1979861,244.52782,22.75558,99.308655
0.6592616,2.5394626,3.3920557,205.65392,33.89891,101.40545
0.79638594,2.8103468,4.956432,223.36502,31.035776,85.868614
0.6660936,2.7294407,7.52141,277.92938,16.043695,72.62764
0.72509086,2.72201,3.9616206,224.62846,18.45975,83.38004
0.67288536,2.5401864,3.4225245,210.60497,36.894176,98.43237
0.85539764,2.7915084,5.3842564,221.79878,29.360392,90.50563
1.091545,2.297484,4.9781957,193.0009,25.76524,105.31011
0.72684973,2.5272298,4.035992,202.29956,17.360165,80.32797
0.7755517,2.363877,6.3371515,255.10849,14.280024,81.053406
1.1391898,2.3955495,4.9379983,181.55066,24.026096,88.07208
0.8477244,2.5716152,4.0467505,174.59431,12.9857435,71.4261
0.6830928,2.4773595,6.704716,274.4747,15.918786,67.96541
0.7902787,2.3502657,3.4850273,201.04634,28.470463,82.26388
0.743695,2.4731987,3.56003,212.97119,19.307737,76.97639
0.72657144,2.7598157,3.7685118,223.13475,24.24762,87.474754
0.7362918,2.6698115,3.8450148,222.55904,26.043358,89.00328
0.7347784,3.1269999,4.4734516,218.92769,29.85391,103.53411
0.74711674,2.5189054,6.5562625,250.77788,13.827649,74.92333
0.7802006,2.4031749,3.4341893,215.20634,27.81712,75.92357
0.80464494,2.6645193,3.9969223,223.35373,27.784138,90.230286
0.72739786,2.5728369,3.841287,207.23546,35.21354,96.033516
0.7314063,3.0578294,4.4090676,217.58972,33.859356,104.009094
0.8600649,2.6648138,5.2955995,220.99277,28.263025,82.558014
0.79721826,2.486101,3.7625291,186.73892,14.1614895,71.914536
1.1098155,2.5558455,4.4273596,177.48709,26.164377,90.06556
0.6618833,2.5278776,3.0535216,203.16525,31.04921,97.0178
0.7415993,3.0927916,4.559555,220.5949,33.214806,104.761185
0.75938964,2.4400356,3.0613332,211.65308,24.69071,77.13972
0.789059,2.5237246,3.464772,210.21588,21.65217,76.29007
0.70164716,2.5595555,3.3520327,208.79988,37.64454,97.43951
1.1343913,2.4131358,4.8857155,178.37651,23.24081,86.580185
0.67462754,2.6610718,6.5109644,274.42773,15.130708,77.20245
0.81365675,2.599989,5.501976,227.93042,27.777468,84.476135
0.7946912,3.0652122,5.683297,219.26074,18.489767,88.8203
0.78683,2.5784159,4.7520823,192.9385,14.772071,73.78807
0.78465694,2.4414644,3.9739428,192.67337,13.566675,70.784645
0.82920927,2.6390224,5.371088,228.31898,30.386549,86.17005
1.1691322,2.5923703,5.2051544,179.39464,25.397484,91.73476
0.6929499,2.48564,3.180751,201.75383,36.88335,91.96057
1.1187705,2.462929,4.420037,176.62476,23.30927,90.63853
1.1606663,2.5981553,5.203368,176.90181,22.917215,94.06426
1.1466026,2.400599,4.7566094,177.34032,22.999199,93.43191
1.0630449,2.478944,4.135165,184.34892,24.979607,93.84917
0.7389958,2.5253673,3.4869547,217.50342,26.343231,90.196
0.8138604,2.8731592,5.0362115,233.24019,29.524193,82.14436
0.8589816,2.7821386,5.2750225,230.35013,28.355492,88.08556
0.76909196,2.449142,3.9359334,226.9299,25.202652,95.38751
0.7695884,2.5687902,4.586535,219.46608,30.108006,97.002945
0.73818016,2.7609549,4.8784757,224.99788,14.108835,78.31355
0.83037657,2.6662724,4.128885,209.7817,28.49167,90.71164
1.1907076,2.4801724,4.799763,177.23955,23.31624,92.73165
0.720355,2.4818594,6.6400847,255.62796,14.815457,78.95717
0.81569505,3.1185925,4.8999333,221.77086,35.189,104.298584
0.71484077,2.4864178,3.1903763,205.45662,36.08904,95.15518
1.1545887,2.5812624,5.9460044,196.68544,23.821108,98.72113
0.8203049,2.5917213,3.6653156,220.61499,28.17849,80.794136
0.8296609,2.6584964,4.9554973,211.93333,28.29777,87.71191
1.139193,2.5899584,5.603101,182.40112,26.28057,96.03031
1.1412786,2.4841752,6.037119,182.71198,26.821623,89.61575
0.6980523,2.7458603,3.8260674,210.3397,36.917625,96.51522
0.7799788,2.5403085,3.3863835,209.50198,27.628916,79.560616
0.69902706,2.492961,4.04862,222.27756,17.856977,85.16537
0.7676582,2.4163356,6.3919063,247.77008,14.911883,74.76634
0.7839417,2.5804036,4.198881,219.97139,24.669422,96.0457
1.1236387,2.6342514,4.9696507,177.25044,24.33303,91.25659
0.8521056,2.861771,4.86253,211.59587,27.98983,85.543144
0.700381,2.8547592,4.1743927,216.8359,36.347507,97.11639
0.7381847,2.2477832,3.5171764,238.84773,27.638027,107.94996
1.0402323,2.4092577,4.386784,204.60048,24.691381,94.51995
1.1567591,2.5336514,5.0632997,177.51756,24.108368,98.26271
0.78911203,2.5138884,4.001508,221.75299,29.869972,94.26672
0.69022614,2.6448133,4.004149,217.67586,37.629787,100.463326
0.7186968,2.7286873,3.8004174,211.41856,34.600838,99.32069
0.82317567,2.7363138,4.1990633,216.41043,26.308365,80.573494
0.7937597,3.150162,5.3255653,219.65349,33.417618,102.22612
0.824019,2.5012445,4.1861405,223.52036,27.255503,91.900826
0.80267453,2.7424002,4.052871,224.93834,27.256386,79.94456
0.6888456,2.6510026,3.9799237,212.70581,38.54419,102.18182
0.645923,2.6121466,7.0765696,307.2003,15.483788,69.70574
0.8505598,2.7285097,4.512104,221.13855,29.718851,91.29994
0.75938314,2.3566823,3.0856712,208.69606,23.673002,82.48313
0.81115496,2.450119,4.133028,183.27226,15.1334715,71.33938
0.67844284,2.5602646,6.6530957,284.8412,15.934776,68.39146
0.6990971,2.4369984,3.0877674,214.77199,24.5615,81.567474
0.84986955,2.5892568,4.958178,220.87256,29.535177,84.408165
0.7601095,2.5609257,5.554631,196.72015,15.713649,69.09146
0.7906585,2.3666017,3.4861002,207.6834,27.074615,87.31244
0.7536296,2.4726267,3.7133737,215.90538,29.779707,87.445305
0.76495475,2.45725,4.828464,203.7281,12.48229,85.49417
0.78810024,2.61382,3.3334112,204.82588,23.844961,83.421684
0.7102406,2.8024433,4.063893,217.15594,36.981388,97.00341
0.68402123,2.6112773,4.1891084,210.18341,18.28634,80.540535
0.788183,2.4199712,2.7550242,208.21765,24.031927,78.68506
1.0680457,2.4602578,4.75623,182.66711,25.718712,92.21605
0.70896065,2.65487,3.6966395,208.40181,35.0562,99.61171
0.7262637,2.4009087,6.0299015,247.49437,14.274149,88.190216
1.1650724,2.7536786,5.2732987,183.59703,26.162231,92.35299
0.90996265,2.6986358,4.0823,188.1531,32.484055,108.36477
0.7482695,2.3500986,3.6015286,202.70145,26.596632,86.107086
0.8499397,2.5555646,4.8963213,221.4755,28.68856,82.4185
0.79222786,2.435434,4.0292816,222.97192,30.288115,98.46965
0.76043963,2.3908617,6.38452,256.98834,14.184697,72.24859
0.8026418,2.744689,5.2516074,220.66054,28.856354,89.68077
0.85907686,2.8204474,5.414909,221.70235,28.628653,84.7235
1.1049559,2.43904,4.780326,185.15642,25.572464,94.12928
0.68103373,2.5718646,3.9297304,208.99452,38.262726,106.608345
0.7689134,2.4150906,3.537704,176.67293,12.464643,76.14357
0.6661093,2.8631587,3.1482246,211.30699,26.235832,113.38014
0.85248,2.5232139,4.463503,189.64925,14.606565,66.51235
0.79532254,2.9315093,5.635337,223.72061,28.967478,87.10734
0.68104374,2.502627,6.7937593,274.6534,15.557115,70.58592
0.7548245,2.393782,3.359652,202.41815,28.470266,85.8578
0.7228934,3.1607482,4.560442,219.97464,32.50783,95.547386
0.8950487,2.9189503,5.4417562,227.73509,29.982168,88.579636
1.1347208,2.4757,5.186084,192.32034,25.160542,91.96614
0.74776787,2.8631659,4.1309524,217.87067,30.185345,101.722466
0.72536963,2.7090008,3.9851892,214.717,26.214079,93.41573
0.75502807,2.334236,3.8143504,232.68921,31.755047,96.79475
0.8563582,2.6377556,5.291077,224.05893,28.68856,83.19105
0.65106386,2.5646856,5.8369455,262.34067,14.550698,75.503334
0.77199495,2.4471443,6.607108,257.55844,15.606136,76.03277
0.7365448,2.3372383,6.696271,260.65796,15.617951,74.8051
1.1500576,2.4330575,4.903601,180.60158,23.030954,91.435394
0.84966147,2.6136389,4.14739,184.50703,12.490188,69.243546
0.6968988,2.5324447,3.3821611,207.9797,36.208096,99.99295
0.82383275,2.5923193,4.1860285,195.50298,12.626799,68.02945
0.6959559,2.7954624,3.8367832,211.5892,35.550392,100.23914
0.6551815,2.5109198,3.107909,210.88403,34.062435,105.020966
0.80646884,2.865792,4.936769,216.06645,27.244087,86.50842
1.0801669,2.427711,4.259433,182.34059,21.259151,96.55895
1.1382535,2.428624,5.5548224,184.50748,24.076437,93.925995
1.1108927,2.5363727,4.8479137,176.35074,22.365335,97.19625
1.1152898,2.5063887,5.0776634,190.84053,26.957344,88.44457
0.7571686,2.8756685,5.020224,216.38454,14.651482,87.107254
0.8106315,2.5642526,4.0333233,202.95222,13.803814,73.43446
0.6830755,2.538359,5.872082,270.89618,15.649403,71.42733
1.1633593,2.5214417,5.1117125,178.18617,24.291927,92.41942
0.6823271,2.7169478,4.3571506,217.72163,34.150173,99.78923
0.83245534,2.7663107,4.708167,220.07556,28.321507,89.585846
0.6797951,2.3665483,6.202534,259.69785,16.403198,87.31402
0.6950513,2.2585557,3.0145535,228.9418,26.383366,98.78611
1.0459003,2.302617,5.616916,189.30196,27.00219,95.636314
1.0761396,2.4287238,4.712668,181.76038,21.526745,88.740875
0.7474963,2.5636563,4.2474174,218.85484,27.964977,80.17625
0.75003576,2.4600084,3.8961535,215.68301,17.594017,90.54517
0.7106648,2.3147595,3.1986175,230.12814,20.999697,94.27653
0.734799,2.9294324,4.471681,216.61288,36.077564,97.442154
1.0992388,2.3969665,4.7682257,179.23782,23.077757,94.62494
0.7164108,2.5470948,4.0158825,211.2934,38.374786,96.08734
0.6444577,2.5146606,3.363691,207.37207,34.266094,104.72258
1.1472489,2.649306,5.6793566,178.78584,21.411386,101.478874
1.1247444,2.3472245,5.2400274,190.75264,25.83978,94.22965
0.6601048,2.536095,4.4365916,226.11201,14.833246,119.12641
0.8086898,2.4492013,4.7382708,196.07481,14.279633,71.74106
1.1888169,2.6782906,5.8561954,189.80106,24.56795,97.80473
1.1977525,2.7133942,5.8382764,189.60504,25.062843,99.69558
0.7314399,2.4631732,6.6780906,249.40088,16.870672,99.718544
0.7488512,2.4317603,6.017305,253.0279,11.169704,79.164024
0.7900121,2.704693,3.421866,216.0411,25.778118,78.05206
1.0786656,2.3900185,4.565454,181.34682,22.42888,92.39136
1.0423139,2.5621076,4.457838,177.53796,25.435389,100.84306
1.1611074,2.4884632,5.57124,188.3682,26.57991,93.009796
0.77919835,2.4539917,4.649935,194.45592,14.377996,72.38856
1.1606776,2.5706916,5.5333405,190.14638,24.927788,97.48142
0.67944485,2.500121,3.300375,215.92433,31.29635,94.59589
0.8209486,2.9857934,5.891354,223.54712,26.206268,85.26411
0.6579862,2.352868,3.8710217,234.28453,14.1302595,87.41262
1.1797986,2.8160644,5.557631,182.87375,25.631012,88.206406
0.70393294,2.3973355,3.9866,225.1783,37.75307,93.04307
0.6735369,2.5876563,4.285202,217.81998,33.013775,93.657295
0.84973234,2.7845163,5.4302654,215.94884,28.291185,88.765
0.7022953,2.830122,4.1299653,218.9611,35.839703,99.60525
0.7705122,2.7107399,3.6865795,211.24785,23.950785,80.10188
0.72876215,2.853544,4.7886763,215.39944,24.75834,86.383934
1.1528274,2.4487462,4.7699685,178.99356,23.301752,91.35176
0.87598586,2.662393,4.256139,209.23912,29.074287,80.31265
0.68273336,2.8972812,3.9893658,220.808,26.228533,94.87085
0.7574954,2.5746012,3.457304,217.60985,21.184137,82.17242
0.7288621,2.8643954,3.864481,216.75247,28.44353,107.293915
0.8425194,2.7688792,4.457865,216.40207,29.280643,87.59091
1.1146356,2.444204,5.2217674,184.26674,23.949247,97.6809
0.7404429,2.5021043,3.290882,212.51096,28.886028,90.55079
0.85160893,2.5963655,4.389653,181.86197,14.2204485,70.599754
0.83546364,2.525166,4.6486454,198.88542,13.777438,73.37062
0.66090524,2.604806,5.538332,301.22186,13.700719,69.72702
0.76691425,2.9773316,5.0385075,208.3421,26.464016,87.25009
0.75326157,2.4741855,3.0923975,207.98912,24.573175,82.305786
0.69173944,2.501577,3.2640612,223.95105,36.227966,97.48663
0.7312923,3.2225995,4.744052,214.5514,33.244133,96.76618
1.1084793,2.3576646,4.786587,175.19678,23.368643,86.49609
0.8229562,2.4519224,4.377491,180.75519,10.377449,65.77804
1.0570655,2.2544825,3.5569253,199.8391,23.039034,98.57521
0.830766,2.4753401,4.761609,200.18855,15.3112755,75.106514
0.77041155,2.4233336,3.7087386,182.54347,13.234769,70.26227
0.7983204,2.6564474,4.235576,228.87413,18.171326,79.05527
0.772488,2.3315341,3.3006246,202.89117,25.809052,79.85449
0.7441646,2.6202264,4.538135,234.76607,16.98915,83.03435
0.63817763,2.587537,3.0667963,226.64645,31.12061,99.486534
0.7683772,2.6033702,3.6788287,209.74048,35.90139,92.4237
0.67703694,2.5324953,3.5191693,248.15779,29.640717,103.823074
0.87081534,2.741846,4.49062,223.65897,29.498497,99.365875
1.122939,2.4697032,4.875305,181.39291,23.00582,94.75493
1.1689228,2.5378428,5.1829295,184.0645,25.564465,92.67864
0.6951122,2.5442286,6.807648,295.18268,15.778717,66.838806
0.7435116,2.430762,6.882559,259.65784,15.919917,78.01043
0.72008294,2.4330482,5.3054576,208.4518,14.552854,67.68788
0.865172,2.8879385,5.4049616,217.1341,28.653912,89.45804
0.74024194,2.7166924,4.0563536,202.28278,29.574644,86.941025
0.6928986,2.7452252,4.150488,233.18326,17.388432,94.0431
1.1106646,2.493357,4.5709386,182.61365,21.703037,90.30996
0.78176326,2.6273153,4.9471416,190.17711,14.396735,74.30424
0.7589311,2.3091326,6.6865025,255.49123,15.769837,70.47033
0.75094974,2.4008884,6.939426,255.72977,15.163886,80.79175
0.855452,2.404666,3.5959184,184.31244,23.6328,94.85587
0.81605905,2.610808,3.6044433,202.87762,26.806288,83.567116
0.7383153,2.4322698,4.0433645,236.55367,35.048737,91.21217
1.1426877,2.4389312,4.7189455,182.48724,22.432516,90.587364
0.81153136,2.4824235,3.510222,207.6323,29.91321,78.18729
0.8389783,2.3188767,3.3413134,192.00687,22.338999,95.11182
0.8683641,2.7224963,5.3052773,228.25716,28.485666,82.569984
0.7394681,3.0703447,5.361619,213.82187,29.841278,101.66708
0.7935109,2.602569,5.3893933,193.02731,20.335657,73.62036
0.7817943,2.3864408,3.4513772,204.37924,27.188025,78.133316
0.7348828,2.533789,3.9208248,233.96434,29.502752,91.06172
0.9192819,2.6067083,3.869032,190.67488,31.987604,109.3473
0.7382227,2.2487342,3.5578704,219.98428,25.013058,97.658875
1.0816507,2.4395304,4.1575956,185.71515,25.390589,90.17067
0.8053075,2.522789,3.9153314,206.69691,22.910666,109.92
0.7382951,2.5696833,3.268451,202.79271,25.742767,81.48634
1.0352843,2.534211,4.6468606,178.44542,24.710604,97.27076
0.63996476,2.613167,5.9639244,282.125,15.474746,67.12095
0.8915346,2.809532,5.512433,220.23796,30.274052,86.847626
1.1486586,2.3814912,4.853618,188.60683,22.758305,90.27543
0.7452407,2.401869,4.2636385,213.34961,14.371659,87.18143
0.71777326,2.519326,3.0853357,204.39677,33.15734,96.23494
0.82092905,2.5029216,3.8580759,194.62633,15.355174,69.27882
1.0912639,2.5271888,5.0039024,187.61942,25.6472,88.49094
0.676501,2.6280437,7.2416253,260.87045,14.500542,71.830635
0.83428717,2.6899328,5.163764,220.45126,27.619196,83.10584
0.87270075,2.8168702,5.5244975,223.07411,28.261717,91.71166
0.8607892,2.6190596,4.764262,220.83644,28.862265,84.70666
1.1101029,2.3973253,4.5971274,180.24352,23.822573,94.93973
0.84056425,2.6427972,4.217794,198.07434,14.604246,75.82498
0.8604989,2.600243,3.915121,188.74907,14.988343,71.42896
0.7294256,2.5565412,3.7839537,207.91942,30.813326,103.4515
0.77866495,2.4873998,4.1575484,227.39275,28.375057,98.38864
0.702728,2.5667543,3.7041197,208.45618,37.406715,100.28341
0.74874204,2.6938324,4.555676,219.56395,42.10076,103.02681
0.73107344,2.7173302,3.6523335,208.83394,35.19208,97.95521
1.0687839,2.4419727,4.7966843,184.99059,24.127718,99.79056
1.0747255,2.3741326,3.6945245,191.91507,23.255005,98.440216
0.8589995,2.58529,4.1812997,207.90723,27.410383,81.99625
0.7044483,2.365018,6.031366,255.39366,14.543869,72.61337
0.7299793,3.0580616,4.365467,223.83948,32.036205,99.44736
1.101452,2.5436358,4.6844783,187.32103,22.14258,98.24392
0.7456042,3.0914247,4.303188,221.38248,30.363274,97.34463
0.72408336,3.0567,4.273248,222.4682,36.45316,97.54294
1.072089,2.3659282,4.512145,179.77913,24.394598,90.054955
0.7658634,2.6177187,3.88789,221.62604,31.857025,94.39191
0.71880704,2.663417,3.556062,212.9249,21.664099,84.81247
1.1163648,2.5262313,4.823941,178.74458,22.70226,100.154236
0.6721279,2.6272454,4.1458535,215.16714,36.474693,98.0166
0.7083087,2.4815419,3.4637759,219.56647,17.960077,96.10943
0.67355764,2.6638823,4.2363696,214.5204,40.05459,94.68149
0.7097998,2.4961412,3.2614486,212.0702,34.790955,91.1923
0.6774188,2.6830254,5.9321365,273.8472,14.363521,79.32174
0.72928476,2.8240461,4.6291776,212.02975,27.716494,85.09843
1.0904895,2.4641275,3.8628933,173.56163,25.640411,89.93647
0.75607914,2.9689744,5.6330214,217.5725,25.615665,88.709404
0.7894546,2.448871,3.3702302,211.43217,27.979675,79.00974
1.1522977,2.3572326,5.027864,184.47748,22.587925,89.85563
0.6405914,2.5656643,3.6174822,231.5791,24.976315,97.05666
0.81267536,2.5957336,4.0127487,211.85957,29.149332,88.3312
0.691592,2.6917434,4.2282896,221.78609,29.536303,95.60303
1.102,2.4310296,4.909842,187.60304,25.510933,87.6273
0.6882973,2.6014042,4.0201554,227.95369,15.017958,98.13862
0.8124493,2.3732035,3.249189,208.28796,22.325964,94.23032
0.7017508,2.556579,3.773889,211.29903,38.219463,94.08777
0.6834244,2.6859622,4.0250325,218.71869,37.077442,93.17493
0.73326147,2.3517294,4.0733747,228.66403,30.77131,93.682396
1.0881349,2.392194,4.635731,185.0579,24.418577,88.339165
0.7572807,2.3695996,4.4584665,200.30952,12.937664,70.91884
0.673307,2.6204636,4.0318203,214.66632,36.43757,99.66241
1.1020266,2.4180546,3.7261555,192.88681,23.753725,91.17208
0.84440297,2.4285855,3.9324703,212.04787,26.643637,78.99426
0.7778189,2.5306604,3.9843342,209.42288,28.69623,92.25013
0.69975674,2.5272808,3.507483,214.00313,36.310547,98.843735
1.1561245,2.44464,4.72574,178.53189,25.252851,90.83275
0.7499839,2.4895904,3.7992854,218.18141,16.772198,90.30918
0.72028464,2.771495,4.319566,222.20178,26.119576,90.42544
0.7079389,2.6866796,5.818902,275.57578,13.5257225,71.50189
0.7398719,2.5822992,4.3059516,249.36674,26.703415,101.95439
1.1306456,2.4315794,4.828341,179.74553,21.749168,93.53345
0.69322044,2.6225674,4.0192256,250.41008,41.2401,101.78243
0.76759005,2.33058,3.585677,188.2082,13.761365,72.373436
0.7270194,2.3085146,3.8790174,231.49077,33.778557,91.96346
0.77369374,2.4499516,4.148095,223.06029,23.1746,104.335846
0.8033188,2.6797874,4.2776957,216.9055,30.198013,89.26471
0.83726054,2.4938748,4.4247527,192.40015,14.208268,73.84534
1.1305563,2.5026972,5.231841,183.82478,24.903166,94.02669
0.8683764,2.621899,5.4726057,220.62445,28.569515,89.66948
0.84910136,2.833136,5.285423,226.02977,22.408125,88.16381
0.7718279,2.5129197,3.948014,225.17615,28.853575,87.38478
1.1691322,2.6093018,4.8146353,178.40407,23.38556,91.04336
0.79929286,2.5674963,3.745421,211.33118,29.760906,91.31178
1.1524465,2.4374316,4.77009,179.22842,22.412405,94.693405
0.7961041,2.8049562,5.72695,220.43802,27.695963,80.1676
0.8353427,2.809656,4.0946875,209.28412,25.869665,81.071144
1.1280793,2.4282122,5.3250356,192.2491,23.244528,93.45075
0.8507318,2.589331,4.0233765,190.2533,13.691347,69.578094
0.797634,2.3375142,3.3591452,206.1461,26.405598,84.76468
0.89130574,3.0665288,5.7585506,224.98651,16.256153,88.34595
0.71377224,2.4305136,3.150109,202.90675,35.524265,94.74282
0.7706562,2.3979566,6.5518236,254.00719,11.352261,75.868706
0.7694978,2.5154808,3.4267457,205.82246,29.305828,78.22607
0.74849117,2.7158945,3.8051274,226.9696,26.568195,82.11374
0.7466681,2.700786,4.086875,206.99379,21.784473,87.21786
0.8702225,2.837801,5.7883277,221.24634,28.807013,95.03747
0.83021873,2.5526974,4.2524514,204.65689,11.834954,66.08238
0.75484043,2.5371509,3.7042508,203.99542,26.157223,80.079735
1.146123,2.511631,5.020305,174.38556,25.433187,100.87061
0.8278654,2.6283193,5.194547,224.08372,28.986414,90.57048
0.78247064,2.4742465,3.4134185,206.52026,21.33706,90.62439
1.1701812,2.645004,5.495865,180.89754,24.125036,92.77424
0.7075187,2.667609,4.3000402,219.2482,38.397858,95.317215
1.1496278,2.7257082,5.5611024,209.64339,26.229403,92.131
0.7490976,2.325179,3.1870673,224.2246,21.172894,91.87401
0.80468273,2.417763,3.4548383,210.28485,26.463032,83.23791
0.64590144,2.5204096,3.1884067,221.41171,34.470905,97.906456
0.6454328,2.5810704,3.357224,207.46405,36.0051,93.39756
0.62927604,2.5140643,3.219251,212.50397,36.86522,95.96078
1.1807265,2.795558,5.5602584,196.54875,26.006842,99.376114
0.7105994,2.4779663,6.633843,254.03674,14.652862,78.10117
0.6624888,2.5829682,3.3381824,215.2667,31.662672,97.56401
0.79763645,2.409091,3.6134999,181.0085,13.787828,69.05023
0.8349419,2.5898275,4.0015535,191.4963,14.349846,69.022415
0.6792044,2.5937684,3.633133,206.57365,28.38177,105.39647
0.692444,2.824156,3.5827086,210.25247,35.670895,98.55016
0.6796957,2.4222102,6.653285,255.5055,15.853118,71.82978
0.66773665,2.6213174,6.772964,267.67923,14.974427,72.199165
0.82681847,2.5136578,4.5645356,217.27878,29.542938,85.738014
0.8034052,2.3292828,3.4766774,214.5159,27.824549,83.93016
1.1529409,2.6744766,5.682077,187.9035,25.962317,93.344894
0.68630964,2.6433475,6.8435473,282.70688,15.368663,74.28585
0.752724,2.4832292,3.32325,211.59485,24.63283,81.10026
0.73270315,2.6859682,3.4111495,214.10489,35.23992,94.403336
0.65171856,2.2669425,3.1025107,249.15459,28.14779,101.62526
0.72286516,2.7018356,3.8266833,213.57751,35.852306,95.8407
1.165228,2.5522249,5.0081887,185.32043,24.896624,95.53472
0.68446434,2.759801,4.2589087,218.1966,31.785376,105.06665
1.1288059,2.501428,5.01819,182.85744,22.993252,90.42221
0.72213316,2.5080976,3.483687,208.65019,16.85919,80.806465
1.0832585,2.408595,4.4716716,179.07013,22.679,90.39078
0.88726604,2.9155707,5.91227,220.09079,28.874922,91.29193
1.0985425,2.5666966,4.78896,180.4992,24.979887,92.12827
0.65937996,2.571155,3.3780046,207.06477,38.932217,97.50862
0.7675097,2.3967276,3.7637296,233.14412,23.934675,101.125336
0.87446964,2.9763777,5.756909,220.09824,29.007584,90.09851
0.73183906,2.5682049,4.627419,222.58206,30.31132,90.44179
1.1532513,2.5787468,5.3173513,178.50839,24.660019,92.17477
0.71724427,2.32785,3.3314922,221.1029,26.23887,91.16986
0.79463863,2.6265981,4.5410604,192.80295,14.060684,80.35935
0.6899031,2.487755,3.4067757,206.99518,35.245594,96.713776
0.7007803,2.556645,3.8994226,207.76917,18.623259,83.33763
0.72714317,2.354292,6.431228,248.05699,14.515754,74.41358
0.646118,2.4778242,3.275576,205.53853,37.66902,110.487526
0.823195,2.6206636,4.104646,224.80998,22.46296,101.09014
0.78025,2.5026278,3.996623,238.4233,33.762783,88.913475
0.76513547,2.3525987,3.1966584,208.76683,21.678875,82.51787
0.6353196,2.5660093,4.272658,227.0862,17.524551,108.08816
1.140877,2.521103,4.2776947,192.21353,22.86329,89.58319
0.7672163,2.6034198,4.3053946,215.89714,33.889538,92.75146
1.0955273,2.3959825,4.6800637,194.73048,21.032104,98.127625
0.67168844,2.5229273,3.4520624,223.27322,31.65772,94.33071
0.69523495,2.3870919,3.2384238,237.19669,24.194054,103.98202
1.0897324,2.6055527,5.020808,178.08186,22.387352,97.8031
0.8582821,2.720627,4.324599,210.79164,28.394974,85.09048
0.8346415,2.6786258,4.4543123,213.40721,27.249342,80.60435
0.73304635,2.7559898,4.0498595,224.43715,27.211447,90.19321
0.86779433,2.9910424,5.742717,225.05882,26.14757,75.865776
0.69764054,2.8148742,4.331297,216.6162,39.523346,103.30667
0.7513448,2.558295,4.075987,228.95622,18.095987,89.46439
0.72313786,2.3251393,6.7265434,257.668,14.086877,72.77272
0.8421578,2.6782842,4.427248,221.31725,26.852938,80.722626
1.1292616,2.4567428,4.885997,181.75647,23.355347,95.300674
0.7266724,2.9136665,4.107444,213.17014,34.339397,103.20269
0.67085063,2.5181754,3.068448,210.53297,32.35132,103.23301
0.7293931,2.3821423,2.847385,215.05493,26.6433,76.89374
0.7659348,2.5154936,4.934302,193.04407,15.384878,76.32187
0.70386124,2.5780375,3.82422,209.57672,39.217644,92.35343
0.68395334,2.593586,4.093475,210.29599,38.940487,94.95806
1.0678815,2.5676332,4.5384336,185.9663,26.443007,93.032196
0.66624826,2.4800553,3.152271,203.88535,35.41444,97.42432
0.7768918,2.4279327,3.1974459,211.41574,24.134886,81.15395
0.7561999,2.4147382,3.0975044,205.62852,25.09447,80.056366
0.76507306,2.6286445,4.006402,207.9205,28.737728,84.9089
1.1592879,2.6011114,5.189617,177.67728,22.59019,91.5057
0.73808235,2.2981014,3.2613678,216.79051,21.527967,86.9445
1.1184156,2.34565,5.1353316,182.8033,23.84922,102.33127
0.6739018,2.6705923,3.2470407,216.03091,17.891283,81.345535
0.7994545,2.3396358,3.7469487,183.44467,14.97577,74.38406
0.713931,2.496479,3.5832503,219.26044,26.102163,78.39306
0.6955598,2.5680661,3.273333,209.2065,24.73713,87.659225
0.86123866,2.675286,5.3073273,220.66054,28.123957,85.596436
0.78473794,2.736937,4.336314,210.62384,22.119444,86.64098
0.7499922,2.4932919,4.1115527,217.64264,18.393232,93.470985
0.70504737,2.4810784,3.2121973,213.09187,32.2547,96.448555
0.88466746,2.6097946,4.8051395,211.28865,30.158964,89.54429
0.75423324,2.5600982,3.9381604,220.22421,15.601192,96.46166
0.8831741,2.979582,6.1838555,225.65091,28.19997,77.32337
0.73147327,2.661827,4.153801,215.20932,17.737583,82.66134
0.669024,2.5699782,7.6831846,277.77542,17.646631,73.71499
1.1064134,2.4824197,5.243364,185.32204,26.770195,90.612724
0.78953254,2.6600623,3.5818632,208.48222,27.437414,88.19534
1.1071843,2.4980845,5.182151,187.62988,25.33736,92.69893
0.6756219,2.6167636,6.2536807,279.58316,15.576803,73.44364
0.7480112,2.4532163,3.9055836,205.53697,14.556962,94.74196
0.7276493,2.729955,3.7074797,216.35905,25.35786,86.80408
0.8232544,2.8525174,4.65222,211.10144,27.452711,86.358154
0.86747694,2.7582524,6.0908566,217.71759,28.669779,83.49399
0.82245165,2.6214266,3.9974117,213.68805,28.90092,80.57852
0.76427966,2.426705,6.6622925,266.4572,15.844851,77.88732
0.7624392,2.5450351,5.115674,190.81459,15.4921,75.206535
0.78377765,2.7666614,4.725188,210.14142,18.538527,89.246666
0.7188598,2.457386,4.1015606,211.82765,29.78428,90.048
0.66006386,2.650686,6.6850944,264.76865,14.709278,62.8851
0.6707912,2.5180666,3.3841774,218.17995,30.416304,102.75055
0.69788057,2.6211457,4.3197956,220.25224,41.72181,98.4774
1.1333647,2.3700335,4.799408,183.71964,22.701588,90.31181
0.700783,2.4800234,4.03987,248.6931,27.452364,101.48173
0.79022455,2.467201,4.367377,237.8189,26.205574,98.4083
0.76822,2.3162625,6.685292,262.37146,15.009956,72.688515
1.1691322,2.638501,5.2205496,182.40182,25.555744,93.30061
0.67546695,2.5974188,3.8931077,218.8848,38.221275,94.78249
0.70784134,2.6735232,3.5685806,214.1388,36.241478,101.45439
0.83847797,2.721339,4.657386,219.5986,29.198877,80.4879
0.8592565,2.7294316,4.6824737,215.16437,18.936441,78.69357
0.8077404,2.3397708,3.1911974,204.1447,25.2763,82.4108
0.65826386,2.6114552,6.7350364,269.5759,13.853437,72.932274
0.65154344,2.5020003,3.7928228,197.10709,14.449637,71.83464
0.6865212,2.5876055,3.1934347,211.90826,26.18683,79.63634
0.7096298,2.5393305,6.5965943,240.14001,14.74504,83.67406
1.1796864,2.6196291,5.524099,185.91699,25.816,91.3177
0.76987004,2.2492137,3.3945127,242.38414,24.097208,91.03311
0.7667773,3.1405156,6.451413,219.56981,25.989443,87.909454
0.7030187,2.5000393,3.1754675,201.77847,33.800865,99.39952
1.1584649,2.5481281,5.1445127,183.74951,26.040136,95.48635
0.675945,2.3624344,6.784236,271.3726,16.46164,78.25133
0.6318718,2.6670108,6.7327437,278.5127,16.020308,67.594345
0.74352777,2.356635,6.80591,252.50516,15.358901,74.85078
0.73414534,2.6865253,5.3274784,220.66054,29.43117,95.94143
0.74875355,2.5348582,4.7717676,218.69084,28.27788,86.33448
1.164624,2.697426,5.131566,182.23238,27.620485,92.790565
0.8392579,2.4972801,4.2446713,230.20651,30.871845,97.634705
0.8701214,2.6551015,5.082664,221.66609,33.563053,89.18626
1.1339046,2.3893552,5.0834675,181.17603,22.174833,92.42621
0.7418144,2.4490538,5.786776,261.32364,12.122685,80.49911
0.7410561,2.7866774,3.8614643,211.64723,35.40045,94.72651
0.6859511,2.5849814,4.5265803,228.666,17.49812,98.821396
0.86273116,2.6093054,4.9469433,215.59027,28.4187,88.60824
0.71731645,2.72256,3.4359958,219.5092,27.15474,85.3197
0.7230835,2.86023,4.2770047,212.04109,15.36389,67.43676
1.096216,2.5161083,5.042629,183.6141,26.081835,89.79913
0.72693706,2.5685534,4.3621993,233.44615,19.440237,91.80889
0.88849926,3.0717618,5.9562216,228.13484,21.362339,77.30261
0.7680307,2.5535293,3.892903,227.85728,32.850178,93.13064
0.7405194,2.4484873,3.3639433,198.29547,12.345782,72.16168
0.7008606,2.7602208,4.0643053,216.46307,34.16655,93.02235
0.672476,2.6261108,6.7266912,285.26743,15.595707,64.75392
0.68019885,2.740966,6.3143606,224.8131,13.828572,73.67065
0.73621446,2.785784,4.0913324,215.4844,35.238426,97.53517
0.72631305,2.606187,3.0428977,212.06879,19.523933,88.871216
0.7049274,2.3855999,6.8223667,273.8087,18.786587,77.94031
1.1451427,2.5902784,5.2940955,185.79044,24.442862,93.910675
0.8134328,2.5347319,3.9792316,224.67775,26.761599,81.35465
0.8785447,2.6757052,5.381301,214.6306,28.46335,82.89924
0.80743194,2.5962489,4.0696454,187.98631,12.544037,70.146645
0.69243616,2.562572,3.5464864,210.90675,29.90212,96.99578
0.6840532,2.7251167,6.0806475,283.1995,13.222979,69.96412
0.6713375,2.4209023,3.8284893,218.97989,40.242645,91.329636
0.683754,2.731972,4.3002067,221.93494,39.97523,97.836266
0.8126007,2.324671,4.109751,227.32216,23.617575,92.98643
1.0753193,2.4253047,4.906043,188.96024,21.308338,92.96559
0.62170666,2.5916483,3.7524552,229.15413,29.796717,99.587585
1.0922936,2.4498534,4.72476,185.13956,26.332682,89.632805
1.1048864,2.5706148,4.9339223,178.9939,21.274662,91.25268
1.1385553,2.5747583,4.6468673,188.4432,24.496897,89.91272
0.7410936,2.4323566,5.0957575,214.6741,14.993068,73.74343
0.8666924,2.709062,5.1326375,219.86221,29.165731,86.632675
1.1431597,2.4243386,5.0392356,181.89043,22.24918,90.368935
0.8574459,2.7938857,5.308841,224.55554,27.024952,79.32133
0.78365064,2.3856003,3.708164,235.37022,28.29515,104.24206
0.68373924,2.5148742,6.7192335,238.72021,14.388088,79.47197
0.7174072,2.4844964,3.3194487,205.38011,34.59413,99.29758
1.1485541,2.5295913,4.4968057,187.7388,26.144672,90.39212
0.6765843,2.5704162,3.1953616,209.28084,32.37629,94.99107
0.7490586,2.3639894,6.538316,249.65681,14.644316,75.22084
0.73009014,2.4917238,3.56606,208.88911,18.945858,77.11073
0.86287045,2.91458,5.6244984,218.90295,27.236229,100.361145
0.6429135,2.5219517,3.2814908,210.65297,30.317165,104.6487
0.7269505,2.6378434,3.9736233,207.46326,33.168415,100.95593
0.7319571,2.4552464,6.81214,259.18668,16.109804,79.856544
0.7893908,2.4962924,3.435692,211.17906,27.530567,79.169235
0.6640766,2.6840608,6.8599405,285.01712,17.01151,70.6716
0.7920736,3.1215215,5.628802,223.14677,28.195148,102.104965
0.7140742,2.830475,3.648989,215.39493,39.142212,98.161415
0.87430733,2.7174878,5.4776287,218.97592,29.391369,90.06925
1.102784,2.3666906,4.687482,187.99501,22.027702,90.967155
0.6681888,2.5168135,3.1989594,208.29898,32.46976,90.96945
1.1240803,2.4471807,4.8692737,193.50754,24.791946,97.355675
0.68940896,2.6537113,6.8502893,256.0725,14.700023,81.9663
0.74073416,2.523963,3.2874663,204.97624,34.933777,96.38355
0.7742166,2.643682,6.256535,272.0236,15.106687,81.26459
0.67704874,2.4548087,3.936987,201.01692,13.599098,96.66338
0.74793476,2.5163662,4.546653,192.39445,15.1928,76.46248
0.6758149,2.2530956,3.2355032,237.3886,24.026663,102.28722
0.7362318,2.6694212,3.4358394,213.34625,35.43639,93.91816
0.7676585,2.658162,5.1584597,211.11563,27.490261,92.098015
0.75144166,2.4444585,6.6469383,255.06494,15.276282,85.0676
1.1331472,2.4598212,4.9010286,178.4867,24.935051,91.58301
0.81822824,2.4327078,3.2173655,203.30305,25.739576,79.037895
0.67521065,2.504912,3.1731486,206.1462,34.33887,96.76494
0.763894,2.4159591,6.7371025,252.68655,15.665361,76.01761
0.71599954,2.3971817,4.3057184,210.50125,14.186829,110.812546
1.2003424,2.8710308,5.6560383,219.18579,25.799614,98.02446
0.67486376,2.5929163,4.081901,222.889,36.00558,95.729935
0.7287818,2.62621,3.6868925,217.08916,18.160524,84.05119
0.7575626,2.3532062,2.9254382,214.88898,24.056429,82.76203
0.82505846,2.5014522,4.797436,219.63766,29.96431,81.083824
1.0516363,2.4550247,4.570783,182.42104,25.047438,102.94225
1.1512363,2.4897082,6.530395,193.40237,24.591566,99.544334
0.68184376,2.612683,6.957533,287.9989,18.003988,66.423164
0.86165035,2.8555448,5.431236,221.52187,30.942255,96.66039
0.72342587,2.981864,4.933025,223.54253,33.24342,97.161964
0.8727043,2.7352488,5.591399,221.24814,29.015184,91.443985
0.6523727,2.5473921,6.38562,253.45235,14.917143,74.22682
0.66272634,2.3738716,4.1950064,235.62154,31.760386,111.91846
0.693822,2.5558956,3.439108,207.71606,36.038387,98.573944
0.71660477,2.4871297,3.0858693,206.75507,25.40477,85.51256
0.76261955,2.4824126,3.6291301,203.92851,28.756432,87.32684
0.6742339,2.5181098,3.406498,207.87361,37.162624,103.06494
0.94553465,2.6096942,3.9638088,185.48567,31.034386,106.7039
0.6899027,2.5919576,6.611519,265.62274,16.362307,68.467026
0.77922046,2.4454439,3.565771,189.38962,13.168765,72.11081
0.6926274,2.6139052,6.704664,272.43875,15.168015,70.94864
0.7548807,2.271012,6.7156725,261.5544,13.462395,76.382416
0.67233074,2.5273058,6.679026,247.14977,17.896147,82.50823
0.67441773,2.6279988,4.0602803,213.3605,36.704094,101.66364
0.6555637,2.5716128,6.810736,252.61777,14.647797,79.74566
0.6203866,2.682225,6.1362557,280.97778,13.051804,78.80585
0.8176677,2.9801664,5.379385,227.75778,29.017088,87.118095
0.8972298,2.818808,5.8504863,219.68124,27.679428,90.54457
0.6690277,2.6896296,4.2695746,220.83318,37.150867,95.13795
1.0914699,2.3830106,5.265741,193.11118,22.70451,96.842804
0.6955589,2.4889524,3.1393466,208.52428,31.72825,98.74504
1.1073648,2.42758,4.767437,181.97517,24.863482,90.10573
1.129331,2.4709463,4.923903,177.21173,22.454697,92.871086
0.70916265,2.3004398,6.6937137,259.13068,14.079181,73.723145
0.657894,2.674763,3.4207113,219.24245,13.582537,81.571014
0.7069815,2.4524963,6.7912183,221.41467,15.954175,81.12594
0.6676502,2.501411,3.399227,215.25119,32.653004,102.578476
0.66977084,2.6266875,5.830898,270.03995,12.485796,66.61357
0.7954479,2.3140502,3.5784526,214.86797,27.775839,89.145355
0.7548908,2.579004,4.333175,232.34894,18.215666,83.807144
1.0558598,2.424804,5.0417833,178.47878,26.762964,87.17374
0.6872654,2.5990245,5.9883285,284.80627,15.144881,72.06496
0.6741646,2.5438073,3.3986728,204.62468,35.02042,99.77624
0.8722662,3.0291436,5.8817186,223.40794,27.364082,90.81295
0.6425243,2.5249267,3.4203207,223.69203,18.52245,76.6776
0.6452556,2.8369277,3.8987036,220.5117,36.373035,101.63132
0.66337925,2.5623007,3.8588798,225.35306,36.318867,109.461235
0.8247582,2.618132,3.9859712,220.14925,27.6881,83.78901
0.72318846,2.8742507,4.6686344,215.41774,32.30052,101.11636
0.7638616,2.369818,6.3287344,247.83083,12.139782,68.59823
0.7677248,2.7604046,5.5211167,218.90785,17.427824,80.77757
0.72567606,3.2631462,4.5542045,216.98091,33.54287,100.96137
0.6583188,2.5735812,7.322277,292.4224,14.61126,62.330124
1.1691322,2.606961,5.353311,181.54451,24.611204,93.357445
0.8664153,2.720387,5.239413,220.66054,29.664335,91.85298
0.75998116,2.5492377,3.5444415,215.7612,25.962688,76.22429
0.73723596,2.3887153,4.175712,222.72475,17.529018,87.001816
0.85634696,2.6484873,4.946303,221.20709,26.261333,84.405106
0.81432176,2.5003371,3.607519,198.30473,14.787339,69.14591
0.7838292,3.199329,5.486756,214.85803,28.448704,87.30257
0.67425823,2.5711226,3.7102878,208.86531,18.403175,79.54294
0.70491993,2.5902069,4.0666146,223.01233,38.40443,92.56435
0.68811667,2.6068943,3.5718317,231.21532,31.110527,111.51775
0.68104374,2.5057328,6.808092,272.56165,16.050713,72.82541
0.7165926,2.422295,3.9025273,214.44554,18.069271,76.60747
0.77320474,2.4836802,3.3685064,212.30058,23.67788,82.46878
0.7967832,2.2592378,3.3658338,220.10968,18.879793,92.290344
0.6546783,2.6186533,5.96091,268.7533,15.219494,68.755714
0.8327234,2.4303527,3.5637832,208.16306,29.617002,84.58299
0.67373425,2.5243254,3.3705947,206.03918,36.20852,96.510345
0.7240925,2.6087801,4.382224,221.67285,28.21426,91.63652
0.6637662,2.5993702,3.923825,236.11911,38.11566,109.69631
0.7114237,2.5465586,4.3023643,215.0053,32.355183,93.2934
1.1435404,2.4124272,5.0923758,183.10428,24.823282,89.79185
0.73505664,2.6563554,3.9085116,211.20676,30.938965,88.58525
0.72146577,2.6841664,4.006597,214.40546,35.41643,97.57532
1.1319546,2.4274166,3.9343052,180.69951,27.04781,88.744896
0.7001096,2.6238282,3.8576214,222.57304,26.465656,101.26464
0.6791832,2.473034,4.1096754,230.31828,17.618557,103.15644
0.68269694,2.5137296,3.3324986,206.0551,27.76845,101.54296
0.8129102,2.869196,4.965821,226.41357,17.586376,87.42834
1.1966931,2.6849098,5.5861573,195.34056,26.220186,96.48609
0.81569695,2.5229952,3.7590985,223.45259,25.800648,76.82161
0.79845566,2.4980354,4.370831,226.2054,29.427683,91.55602
1.1076883,2.441131,4.4019947,189.80559,26.611958,87.85971
0.8175571,2.5604951,3.3783612,207.58339,25.658955,81.28024
0.7587605,2.2653503,3.3062913,204.21266,27.914516,77.23453
0.8345272,2.8914363,4.509709,221.22124,26.920008,84.48283
0.8582676,2.6062326,4.122975,182.98471,13.055097,67.46834
0.7860496,2.7570453,4.949692,233.33174,15.561432,94.369804
0.8060214,2.441435,4.204235,213.44781,28.559729,83.3831
0.6963005,2.7911046,4.099515,224.54675,22.986881,100.88052
0.8411306,2.571915,4.7431107,209.04825,14.771134,75.47616
0.8289456,2.5319586,4.0388646,200.18243,13.380194,67.40091
0.69941187,2.5566142,3.3085845,211.79805,34.086723,97.6489
0.8805508,2.6377099,5.432156,221.70235,29.25659,91.61681
0.6898857,2.6824465,7.1488523,272.2142,15.5599,68.09215
1.1816168,2.6554592,5.8332524,188.61159,25.125126,94.12349
0.6998836,2.522733,4.1754713,219.28041,31.96455,96.46222
0.779497,2.7648911,5.577844,222.02745,27.973625,88.36259
0.74396074,2.8154314,4.5489564,209.6409,21.727623,88.123
0.77631134,2.8538167,5.267725,223.77834,29.492014,81.2482
0.79249763,2.3764336,3.4786925,216.6632,30.516129,77.487656
1.0931185,2.4956224,5.035731,183.25243,26.7546,96.47413
0.7388295,3.1677458,4.6305084,224.17755,28.525858,105.41356
0.6929882,2.5911512,6.82492,285.13104,16.638994,64.807014
0.8160951,2.5734,3.4774778,212.91617,28.484993,78.22685
0.7318046,2.5660472,3.689004,205.71904,17.57333,81.793144
0.78103644,2.4278464,4.0894365,223.43138,28.712667,81.617546
0.6617717,2.634722,5.912252,284.6234,14.647559,70.40601
0.81999624,2.4831922,3.5088065,202.03224,28.937748,80.81124
0.6927106,2.6210895,4.073982,223.4496,39.455334,93.54915
0.7555196,2.4475727,4.7685356,198.8289,14.568117,71.71756
0.69103825,2.5813904,3.526197,210.79234,35.47009,94.89415
0.8207093,2.490502,3.5919569,182.51736,14.157739,74.248344
0.7733106,2.4302268,2.7416368,212.44975,25.00901,80.69157
1.0981919,2.4214027,4.8809304,178.76778,26.318699,87.64092
1.103802,2.463336,5.090454,183.59476,26.110422,90.08863
0.7000806,2.494098,4.3107047,215.95871,26.352491,90.26497
1.1590674,2.6829536,5.6127467,189.48827,24.289946,90.6671
0.72657484,2.592482,3.2838647,210.8444,23.582813,83.55704
1.1691322,2.6494799,5.4374814,184.63861,25.437971,93.08837
0.71359587,3.0456967,3.7310858,211.81342,29.250696,126.734085
0.7779715,2.4492857,4.7104144,200.13939,12.506094,72.35832
1.1766067,2.7640393,5.4065127,179.72043,25.076387,91.70952
0.76707816,2.4002259,6.542243,254.36208,15.261368,78.49487
0.8782609,2.6634097,5.443032,225.61789,31.049238,76.479
0.7531105,2.9896631,4.682275,209.50969,29.340448,88.379776
0.8959843,3.2340987,6.075226,221.63861,25.997158,90.33438
0.7529046,2.4393325,6.609348,259.60016,15.197589,76.130646
0.74960846,2.7839236,4.0065937,213.37779,35.71754,101.021034
0.678481,2.4914596,6.648927,290.13553,16.77689,68.489685
0.70514107,2.553489,3.4379168,204.91731,34.94617,93.718185
0.74024194,2.69978,3.4921067,203.4264,27.44806,84.8375
0.67677623,2.6333423,3.8490758,223.67517,28.994543,96.69741
1.1059326,2.4088082,4.8007345,186.81241,25.23521,89.029724
0.8100744,2.80453,5.120682,211.21976,25.224377,83.715805
0.7837456,2.2895844,3.5524566,213.13791,24.652988,87.38666
0.859325,2.5399826,3.9974544,187.88191,17.279015,69.59747
1.1518731,2.4021769,4.961113,179.218,22.534204,90.91447
0.6701082,2.5808551,7.1332784,276.81717,13.449556,65.04354
0.75304663,3.376171,4.8805404,221.05821,34.340298,102.9447
0.6760354,2.5369775,3.177052,201.0426,36.61201,97.773544
0.668213,2.5393376,3.3273633,206.43245,34.805798,104.13658
0.6899474,2.5106745,3.2231562,214.66602,34.03054,97.52536
1.1667055,2.7369473,5.3434906,182.8857,26.502563,95.8978
0.84985715,2.9458194,5.8914046,225.66782,28.895485,82.2775
1.0934042,2.4178345,3.999405,189.6582,24.932537,94.630714
0.7146481,2.7212286,4.405655,212.88663,35.40159,101.56921
1.1361128,2.422732,5.9163666,196.1052,22.536386,98.820595
0.7434942,2.3337808,6.112453,250.79738,14.88564,77.30317
0.6917837,2.4080808,3.6635945,237.93256,17.625502,94.32639
0.73494565,2.8123245,3.7025402,209.85683,26.705873,83.88067
0.7296059,2.5006397,3.9536564,207.52283,17.355993,83.32738
0.7985571,2.8419158,5.963081,216.65721,24.141695,90.59346
1.04646,2.5429997,3.6592436,184.49155,31.586443,104.0087
0.8655668,2.5591514,4.9308586,221.64125,29.64039,91.10142
0.7665151,2.472242,3.7616456,224.25848,28.901983,90.828156
1.1026479,2.4474308,5.113168,189.04765,22.699093,95.08928
0.82058203,2.5181644,3.7635846,170.16878,14.551743,74.88144
0.7480147,2.3810437,3.2878346,208.629,25.746855,84.50438
1.0994178,2.3539157,4.7948895,184.93405,26.227364,91.78267
0.74317664,2.5804458,3.8975704,214.34698,18.697018,83.997185
0.6736636,2.598759,3.7827797,215.62914,39.28017,92.938866
0.6875652,2.4666955,3.2335994,204.44084,34.51439,97.290985
0.758422,2.4114633,4.4128375,230.15416,28.290127,99.09669
1.1450428,2.457818,5.093307,185.69524,25.868351,97.70587
0.7103758,2.727654,3.9880152,212.87596,38.53911,96.70714
0.69808507,2.3842158,3.9527135,217.23383,14.061234,90.03301
1.1607401,2.5810006,6.197931,193.00099,25.273998,95.39369
0.7147142,2.5858543,3.9481738,215.85144,18.236525,88.30627
1.1528957,2.704353,5.4912434,186.28891,26.485748,89.80889
1.1242741,2.3964777,4.738133,182.01909,23.042389,94.10011
0.7314371,2.430094,4.3835664,249.04686,25.255663,99.983795
0.7020246,2.5276356,4.1372423,219.58803,40.588463,91.21195
0.7197258,2.931747,4.5810304,210.59734,18.52389,78.78579
1.1048545,2.6746182,4.9635754,182.40617,26.409784,91.11293
0.67240846,2.515955,3.411324,208.27733,37.43962,97.258514
0.7461496,2.6171737,3.421055,208.69975,25.07714,91.00108
0.7680761,2.3897343,3.1706119,209.08922,24.999609,80.89494
1.0706228,2.436991,4.8589597,182.99586,21.981136,102.154106
0.77737707,2.5886188,4.2528944,208.94101,28.850492,85.65184
1.1411427,2.3377163,5.816583,185.98544,26.563147,92.99871
1.0776176,2.429897,4.581837,190.56154,21.64598,89.36339
0.7725631,2.7312198,3.3350437,241.4888,30.18145,124.467804
0.85153854,2.8157103,5.518774,228.17206,27.639465,80.50187
0.713383,2.8410478,3.89623,214.96747,25.089766,92.62643
0.70269066,2.6341705,3.4065845,213.02524,39.636456,98.52531
0.7339806,2.5118127,4.926615,230.80708,14.093663,119.47416
1.0831398,2.438189,4.339788,178.19627,22.779291,94.93719
0.8677468,2.52452,4.678232,217.92625,24.196863,92.72329
0.8253279,2.772502,5.1202946,215.55214,29.346409,91.132614
0.72186965,2.9195044,4.036472,205.93889,33.69574,98.08271
0.8214079,2.450938,3.5184672,186.8125,16.176134,74.09983
1.126163,2.3877735,4.469352,184.68062,21.417458,87.826584
0.60813403,2.6113324,3.53353,215.82602,29.325901,100.71634
0.74201566,2.3958611,3.9636614,226.61469,18.483545,100.44512
0.7658886,2.427288,3.3049731,202.03224,27.024733,79.336044
0.87359595,2.5849977,5.467069,220.62445,28.36746,88.5869
1.057981,2.364763,4.177911,177.87843,24.306973,90.65737
0.8043259,2.8481658,5.5625014,217.26686,27.753002,83.32464
0.66548723,2.6283443,3.9871032,219.80215,39.921352,93.31125
0.7222374,2.7784474,4.060487,211.84846,35.066265,100.1487
0.7661692,2.6727595,4.1532063,209.22346,15.5126505,93.30542
0.7632956,2.653434,4.451336,209.6393,19.04805,80.01011
0.67168957,2.51218,3.1903865,210.98894,32.80858,100.248795
1.1605337,2.6447828,5.2287216,182.19806,25.896528,92.56969
0.68285525,2.4119806,3.9555407,228.19545,27.621052,94.951
0.7801428,2.3487353,3.1111991,209.42618,21.877161,88.17949
0.6992361,2.741766,6.0024176,289.00357,12.448389,71.985756
0.7426157,2.5613866,4.560041,227.91988,15.00042,108.52005
0.6997565,2.3738093,6.771336,231.0815,13.9084635,82.00637
0.6754459,2.5011048,3.2270741,205.85701,37.038532,95.62336
0.71722895,2.7603774,4.0374637,212.39212,36.961563,101.684975
0.7071906,2.731678,4.474879,227.49121,28.56933,90.32839
0.7743208,2.493149,3.9156578,205.77948,28.74813,83.89775
0.6776661,2.410406,6.579454,254.2716,14.554834,79.69833
0.6790682,2.636805,4.158122,218.28609,38.321163,93.72802
0.7374369,2.414095,2.7947047,209.48311,24.62859,80.274254
0.7335139,3.2980177,4.236413,217.48381,33.632824,103.68351
0.8242033,2.5253248,3.6593785,171.24168,13.831368,74.38343
0.7244502,3.1816115,4.645946,221.35745,32.895794,97.914955
0.8467749,2.6496975,4.6057034,225.15361,34.185375,86.97631
0.72710997,2.6296551,3.362418,218.94753,34.37646,122.04164
0.7475312,2.8233256,4.7243943,213.14787,26.10164,87.16119
0.7226589,2.5282996,3.7847354,244.18689,27.11309,98.879
0.8563593,2.7704775,5.834366,225.92729,29.608063,82.43371
1.1487724,2.457515,5.127889,184.70668,25.655283,87.619484
0.71004516,2.7448053,3.7851543,205.30913,32.97027,100.59174
0.6796265,2.5336747,6.7040477,273.93863,15.624602,72.44232
1.0441848,2.3700187,3.9201605,193.1237,26.9273,96.059166
0.8067191,2.737196,4.2714863,222.32123,28.615898,90.01052
0.7990495,2.4654682,3.889604,233.3796,32.156033,97.029366
0.710766,2.489172,4.276636,219.24548,17.83441,81.77481
0.6422012,2.585095,6.400972,276.34674,16.29698,72.55882
0.72123265,2.6849155,3.8028347,206.19379,36.121864,97.347786
1.1782675,2.577851,5.2496014,178.08789,26.225569,89.082634
0.8378472,2.6674058,4.163846,220.66844,27.504389,88.19589
0.6690679,2.486876,3.336719,206.77557,37.220856,95.469826
0.81617445,2.585653,5.226323,194.15082,15.145553,77.74662
0.65012854,2.4710772,3.8814015,234.06956,35.619946,112.30609
0.7231634,2.7889483,3.768117,213.07054,25.718105,84.095894
0.7369099,2.7119622,4.5424094,211.47594,18.591242,83.73221
0.77851737,2.5400708,4.547441,216.62436,28.748281,90.28572
0.77313584,2.3749876,3.301777,242.56255,20.845314,100.13643
0.7700948,3.0092456,4.3605666,219.0694,32.641483,90.64341
0.6887235,2.5147371,6.8703313,277.61124,15.606029,72.16605
0.81939024,2.4881334,3.636713,234.97472,22.18368,100.41332
0.765096,2.78748,4.9040036,222.06895,26.751085,86.89788
1.15199,2.3396735,4.7682633,183.80795,23.686535,93.399925
0.732089,2.4620488,3.3626893,219.44034,17.054651,91.9166
0.7591447,2.6191251,4.590873,214.16687,28.306042,90.19144
0.7531023,2.7964919,4.465106,245.65607,15.551326,106.397285
0.7597604,2.4097064,3.2648363,205.14873,27.544144,79.05761
0.6909848,2.4742947,3.1151025,201.73999,34.7212,96.92033
0.74338955,2.3095124,3.2140496,207.88124,25.737446,95.141304
0.77727437,2.4847226,4.405874,200.8232,27.080517,92.754776
0.8161721,2.8086903,4.713769,219.3532,27.324177,76.50456
1.1551455,2.538934,5.338435,179.58104,23.511581,101.178825
0.8075316,2.4302225,4.452277,199.87083,13.396767,73.34089
0.68687856,2.6826696,4.3193116,217.666,39.916634,94.86705
0.77961147,2.8733318,5.466336,220.62445,28.957941,89.908775
0.69552195,2.5080068,3.3213272,198.46631,34.54615,98.11242
0.6740089,2.5625386,3.5868957,219.77994,26.599728,91.227264
1.181372,2.7572832,5.222844,179.90923,24.978119,91.15152
0.76150566,2.9173412,4.2709823,221.64929,19.84463,82.72179
0.7385532,2.469888,4.258869,217.95244,30.79181,96.962715
0.69847053,2.5353265,3.457281,210.9137,21.2728,96.668274
1.1643484,2.67266,5.5264893,177.43538,25.025084,90.06995
1.1057993,2.4486783,4.4759,180.37419,22.755507,95.96993
1.1506922,2.4418776,5.271644,183.31578,22.961494,91.25959
0.7248936,2.3599644,6.3119073,256.52863,14.628731,74.06267
0.6616747,2.5554285,7.52903,301.96005,12.642502,66.476746
0.7926919,2.770195,4.525798,203.84598,28.23832,83.64649
0.6860385,2.6674733,3.6323378,210.69707,36.118153,102.53632
0.6937327,2.5739105,3.400869,213.93916,19.7118,86.47654
0.72978985,2.5892732,4.0133386,217.08139,19.065279,75.20133
0.6486944,2.37286,7.3109794,274.209,13.104506,66.88854
1.1225196,2.4011405,4.2708383,183.16287,25.69103,89.902214
0.7251839,2.4688184,3.8141327,221.7734,31.180136,96.41035
0.86693954,2.596369,4.3227468,210.64223,28.971539,91.39664
0.7458207,2.3523688,6.253219,254.37335,10.960925,72.41804
0.7075874,2.379656,3.2955756,206.29213,24.93215,84.33563
0.66848797,2.4963505,3.2979374,217.40108,31.413754,103.14301
0.8205581,2.434003,4.281601,174.70116,14.071077,71.647385
0.7595692,2.747764,4.6722174,220.48206,29.421377,90.31224
0.73207325,2.9887984,4.52466,219.68428,36.30685,96.69229
0.76677656,2.439437,6.5537095,256.43604,15.107893,77.07919
0.7421303,2.323668,3.3030066,216.86186,29.914015,95.86616
0.8236723,2.6558397,5.4824123,224.13971,27.331566,79.532166
0.7278548,2.259653,6.701176,252.18243,15.462882,73.17015
1.1541152,2.6110628,5.2302413,175.88087,23.504452,92.77424
0.8102054,2.5176935,4.628737,193.86015,15.447291,76.02309
0.70546955,2.5867398,6.011827,284.9493,13.883658,68.537254
0.78353626,2.569718,4.4101152,226.88931,29.010544,92.90399
0.6723659,2.4660316,3.350442,235.551,30.665432,99.57177
0.698825,2.5647352,3.6804926,217.70242,37.68866,92.184
0.7833666,2.4908085,4.46952,192.15314,12.55887,74.61181
0.6904977,2.56924,3.9898348,209.43736,38.14658,98.841896
0.746135,2.4528491,3.735394,219.22385,29.645409,95.41876
0.7225096,2.557569,3.8910005,223.46036,21.548332,76.86228
0.8287965,2.9294984,4.740432,223.20723,26.10476,89.87748
0.6894598,2.427316,7.309741,284.46045,14.545395,68.64692
1.1789144,2.6602924,5.0451827,176.41432,24.970276,91.73594
0.8487403,2.677749,5.702667,234.52707,28.057693,78.37747
1.0789945,2.4648757,4.9493456,176.7738,26.386806,88.7595
0.74721605,2.750241,4.6485558,218.12013,21.701138,87.403534
0.70328814,2.6606061,3.3012707,204.78769,34.022087,96.17737
0.6624888,2.4544275,3.265384,225.86137,36.45235,100.920654
0.7707855,2.7856016,4.409513,218.1398,15.902615,86.61789
0.6846463,2.3208518,3.058933,219.64249,21.479656,87.454895
0.8730751,2.6338277,4.603223,217.38023,29.03632,80.55578
0.7298328,2.4358828,6.4965935,248.38011,11.118452,72.060524
0.6366151,2.7077851,6.6606064,291.4146,16.176006,74.27182
0.7354949,2.814168,3.9132817,213.70465,35.212524,94.44714
0.73666227,2.3963757,6.3532915,259.05606,14.895493,75.92842
0.7265297,2.3301091,3.9110653,233.81233,32.850357,94.813545
0.68784505,2.684851,3.3299747,216.03822,18.88693,84.70824
1.1220651,2.2810361,4.730013,184.59662,22.69103,90.944084
0.7656298,2.551207,3.6319122,184.31587,12.791235,72.09276
0.7349525,2.6407351,4.1054707,223.71368,29.01686,94.452194
1.1796864,2.659477,5.37783,184.75188,26.109583,94.54177
0.6500619,2.575899,6.462775,240.82402,15.648995,77.029594
0.67422277,2.5022466,3.720476,213.12805,16.172138,79.88442
0.7295594,3.177984,4.689316,224.06224,30.107065,104.82804
0.7052298,2.4095635,6.0510817,257.05222,16.289822,96.2387
0.6900817,2.4202447,6.1483197,266.5604,12.846256,69.316124
0.8950487,3.1170015,6.485661,220.24605,28.457996,85.94747
0.6969278,2.400646,3.2983613,202.76613,36.138023,91.57266
0.7537415,2.41364,3.1093051,214.811,24.256195,82.77158
0.7015399,2.6469831,3.386692,205.8309,32.17121,98.81174
0.7883355,2.6065433,4.957612,187.32701,14.661,77.49575
0.81267166,2.360802,3.4491262,206.88002,24.116623,82.48455
0.71011955,2.6823442,4.4226394,229.04117,17.800762,85.2565
1.1146547,2.419716,4.6183677,188.37889,24.023787,90.30905
0.73597926,2.4903588,3.5178816,212.47083,28.998165,94.13929
0.7357776,2.5876594,3.6313217,220.75864,17.99066,84.16381
1.1261854,2.4381695,4.7169857,187.29378,22.874931,91.62468
1.158897,2.4565587,6.146954,181.53854,25.154453,88.18466
0.7043951,2.6542604,4.121741,206.34772,13.703499,85.281715
1.110891,2.4437127,5.0098677,180.8057,22.797716,99.42939
1.0960584,2.4804351,4.857971,179.12206,21.694614,104.29043
0.7927838,2.3482878,3.1147728,204.1447,23.081274,84.10837
0.79928505,2.4471962,4.011492,222.11037,28.676245,91.79777
0.77132523,2.4632623,3.4805992,186.08435,14.077093,70.19111
1.1691322,2.6780365,5.336972,185.14856,25.771698,93.514275
0.6863572,2.6350033,4.514755,219.5718,31.545284,94.7617
0.80706245,3.0034604,5.3370643,220.23062,29.702751,92.81747
1.1188357,2.6170099,5.039972,176.66821,26.011282,91.40636
0.79898834,2.3678498,3.1802783,211.60182,26.113031,79.037895
1.1133735,2.5165312,4.1079545,185.21964,24.361217,90.388626
0.67011577,2.859452,6.1815324,271.1942,13.914613,72.45383
0.721327,2.4897184,3.7131443,216.3378,32.393074,97.48096
1.1568704,2.624939,5.1720977,180.16316,25.694817,92.516335
0.74521714,2.4771202,3.3068452,202.15097,23.51634,85.28228
0.79463863,2.5995374,4.780887,190.30121,13.749467,74.749016
0.7495557,2.378771,6.8586984,261.71994,14.44026,75.37883
0.7296328,2.4419453,4.812064,186.5691,14.97577,76.24952
0.7158664,2.4734929,6.81155,248.73438,14.910394,80.63506
1.0488207,2.411442,4.6468935,180.17365,23.05996,91.27665
0.8215665,2.6293895,5.4102254,220.23482,28.4187,93.270546
0.74312675,2.983346,4.3260417,221.28253,29.6343,93.71997
1.1277407,2.3683474,4.6147637,175.70627,21.911003,93.05451
0.7708416,3.0284998,4.1869087,224.96559,33.814842,100.06507
1.1201091,2.3816297,4.720798,177.86461,23.06024,92.74027
1.1585116,2.5228682,5.1950426,179.35051,23.310188,92.23007
1.1552913,2.7087772,5.3908095,183.96123,24.397459,91.04536
0.8604219,2.4633627,4.490442,189.30267,14.871604,71.25343
0.7110339,2.3975556,3.427553,203.30103,32.416267,98.32884
1.158215,2.6071684,5.6607027,177.25044,20.964724,92.05441
0.7278219,3.0262082,4.784066,222.24046,31.819807,99.5366
0.8301737,2.543443,3.9732862,190.32661,13.329221,71.22877
0.74065554,2.4100795,6.8422236,263.48364,14.502233,89.61528
1.1421449,2.421709,4.5174108,178.4912,24.320549,87.60094
1.0693538,2.4251866,5.1954546,180.88918,26.95992,89.55248
0.7043846,2.5344157,3.7645297,211.31374,29.188923,94.35564
0.75914824,2.4351127,4.2510867,176.3361,13.552631,73.433556
0.71917564,2.4389524,6.7054977,252.0889,15.864239,78.1742
0.80767286,2.3842654,3.6384094,218.0019,30.209095,94.227806
0.7006351,2.458645,4.068626,213.07451,18.29512,73.103294
0.6518902,2.6987538,3.9194975,223.9596,36.31909,95.635994
0.85783136,2.7026703,4.688973,222.11566,31.461388,91.373764
0.72315866,2.448819,4.009199,217.19156,18.34103,81.52455
0.6294564,2.2494738,3.0442092,232.22345,35.892452,89.038895
0.8032575,2.61261,3.9625878,223.0302,29.521702,90.31732
0.86742526,2.6123204,3.6182897,169.43916,14.558572,74.07277
1.1627886,2.7272148,4.9321694,188.58551,26.195986,96.157646
0.7755517,2.388001,6.755655,257.50735,15.005534,73.311
1.1274666,2.5446973,4.8222885,178.93416,25.202381,90.678986
0.5865974,2.2205505,3.087965,250.99728,28.3167,91.6846
0.868774,2.7224963,5.460135,220.66054,28.291185,86.139565
1.1211568,2.4480805,4.8409715,185.59697,23.601183,92.33656
0.725872,2.4622583,6.508836,253.50081,15.121137,76.26977
0.750121,2.4748952,3.9688392,200.41032,24.734606,91.11971
0.7234372,2.4293203,6.6660404,264.1127,15.004923,78.08903
1.1162592,2.383517,6.2785983,200.0954,25.303946,100.25673
0.76398134,2.6093593,3.5743394,210.2616,23.23707,81.13538
0.80992573,3.3508837,5.0214386,215.74895,35.683033,98.70456
1.1466544,2.419342,5.1398497,191.00896,22.278944,90.56698
0.67329746,2.6191723,3.928041,214.42407,37.50926,102.28322
0.66534156,2.6024725,6.4822235,292.86014,16.128946,77.36497
0.7562501,2.3572755,3.0730698,218.66655,24.10754,78.45977
1.1537387,2.3976917,4.8686786,178.33313,22.808926,94.11092
1.1474272,2.485091,6.6994686,191.78635,24.29704,99.088425
0.6775828,2.5993433,6.7147717,284.53152,16.387897,68.45067
0.7037863,2.5136685,3.3729095,206.99615,34.610737,97.64378
0.86107194,2.6889074,4.8099294,220.00496,26.725885,80.178
0.6903657,2.9082086,4.3577533,220.87404,41.77848,95.8438
0.67453057,2.6404762,6.979364,283.1286,16.263577,73.87619
0.67097,2.5945635,6.7842264,272.28302,15.178629,68.88176
0.6964516,2.580982,3.2072496,209.22305,36.261917,97.76277
0.86792994,2.8447983,5.5603027,213.99538,27.353437,86.88122
1.1060387,2.4342418,5.055955,181.57257,22.214605,95.63339
0.7524101,2.834501,4.227209,209.15582,27.111126,87.02356
0.72560287,2.4928284,6.7306585,248.20062,19.45823,96.28919
0.706877,2.837857,3.9461956,211.17072,38.898556,97.04204
0.71645,2.7367327,4.6024847,226.98671,18.317799,95.37482
0.84871304,2.5279438,3.9958332,189.94954,14.793274,70.57707
0.7687326,2.4526083,3.3333766,203.81497,27.822924,85.29582
0.7134281,2.3840892,3.2725065,206.72894,23.99202,84.98545
0.96264815,2.5667543,3.7524276,187.91327,31.664673,104.86804
0.78843135,2.3883104,6.3523145,256.95773,14.597075,74.88151
0.68271077,2.6039581,4.288194,222.09077,35.792294,92.00009
0.7774154,2.3644772,4.1459985,217.03317,14.731768,95.46427
0.78728867,2.4446657,3.19404,213.18213,24.065138,82.29248
1.1047504,2.4213028,4.9347005,180.46169,22.826439,93.605286
0.7029142,2.7906215,4.2216687,211.772,35.689873,95.84906
0.72078985,2.3898716,3.9403403,241.72543,26.56221,85.627335
0.886353,2.639334,5.4281206,227.25941,27.180998,77.50794
0.8105123,2.589617,4.976848,217.0044,28.968748,90.78074
0.80828196,2.923426,4.9523573,219.57076,18.545874,86.72782
0.7217439,2.3612752,3.8781574,212.90845,16.220198,80.41444
0.7060255,2.569487,4.0212,218.9494,37.542736,96.9151
0.737234,2.8793883,3.6278296,214.72919,26.452845,92.75584
1.1444341,2.7501903,5.2700324,182.22786,25.751852,95.53057
0.82406515,2.863743,4.122463,212.56973,27.811668,77.90894
0.78151757,2.5117729,3.4306445,219.16249,26.452856,86.966484
0.70386124,2.5776727,4.001226,212.37642,39.105145,90.95358
0.8877443,2.717462,6.025378,226.90263,27.363417,91.629745
0.6699687,2.583531,3.7562702,223.10944,31.49139,99.63437
1.1158681,2.448538,4.580589,185.84715,23.404718,89.28433
0.8299445,2.3553357,3.474776,200.66306,26.559942,84.22845
0.7264288,2.8120813,5.1232867,226.78333,29.418543,93.296524
0.7359311,2.6407466,4.3490567,224.41841,26.896643,84.05267
1.1108335,2.4238236,4.9667897,182.64943,26.314753,89.424
0.84026766,2.6942718,5.3265114,228.26596,26.678032,82.01861
1.1687179,2.771624,4.9032207,181.42847,26.127237,90.61324
1.0826126,2.4907677,4.6694236,178.44542,22.634783,98.081825
0.8683764,2.6086285,5.507498,227.18454,28.36746,90.321846
1.0882686,2.275724,3.412691,189.37355,24.324224,86.68974
0.84393555,2.4547827,3.8325548,190.76237,15.254936,68.23796
0.72269005,2.6561816,3.3336792,214.02742,17.44392,79.507484
0.8318181,2.5503633,4.73296,216.58707,29.71202,91.15934
0.70526993,2.8514695,3.648962,211.03462,36.93473,94.34317
0.8531327,2.9349287,5.712097,219.23534,30.177004,90.798965
1.1379279,2.630119,5.393581,181.13586,26.836258,91.80906
1.1599033,2.6929946,5.286061,177.39993,25.453024,85.83018
0.8105174,2.4229763,3.625059,205.72052,12.609888,71.05857
0.65931207,2.5121512,4.2827206,224.74257,18.647198,97.711975
0.8528617,2.6569023,5.432205,233.15001,28.318962,81.2699
0.73043734,2.5705142,4.206031,207.26392,14.81691,87.0319
0.7152195,2.3641677,6.6244082,250.08134,13.006106,96.25302
0.70695263,2.819537,4.095043,211.71729,35.38964,101.702095
0.66637474,2.6409185,6.6993566,281.05255,15.306925,74.73219
0.69420594,2.8797212,4.0571604,219.12111,37.15695,97.666275
1.1316497,2.4524915,4.9653497,182.78632,25.252972,92.49291
0.7241873,2.9277472,4.374282,221.97188,27.674274,89.53391
1.1568546,2.407584,4.890971,184.30638,22.73161,104.20672
0.7487351,2.3870926,6.5753336,257.92874,15.028047,75.63991
0.6941117,2.7270126,3.4585893,216.24178,34.334778,96.98528
0.7420228,2.4544365,3.9349022,220.66875,29.344702,90.44441
0.8518495,2.7366414,4.252508,227.46877,28.280361,80.9968
0.6985656,2.587591,3.1885037,210.59964,29.919373,101.478195
0.8446506,2.5283024,3.9976847,181.37787,13.47092,70.001724
0.7293907,3.2003167,4.4683113,215.25026,35.943962,103.30111
0.85958236,2.9729648,5.6487975,226.84193,27.327017,79.300415
0.7103518,2.403926,6.627641,256.5011,11.811913,70.9113
1.1985122,2.7600424,5.693969,198.17987,24.89498,98.89951
0.6685184,2.6683898,6.790157,296.8245,15.341129,72.54056
0.8343424,2.717812,4.3499165,221.19781,28.72048,82.62126
0.78521925,2.4402504,4.0628815,205.35954,13.414349,66.66409
0.64704674,2.4823651,6.687674,263.07275,17.285728,72.81357
0.77282995,2.6133773,3.8736632,215.21332,29.31097,84.08466
0.7212443,2.6224096,4.097137,217.18369,22.107433,96.23701
0.70240915,2.4781535,3.3396738,210.71516,20.914904,94.700134
0.76704526,2.416296,6.1886287,256.421,14.598948,75.37624
0.78208965,2.3564756,3.31888,211.16386,26.463757,84.86518
0.7890811,2.5361876,4.535218,186.40976,15.733731,76.35361
1.1793324,2.5634482,5.359295,189.07372,25.296068,93.20248
0.7285755,2.8914468,4.0410805,208.97699,23.852114,95.47943
0.7534104,2.6709347,4.415643,246.67223,21.905085,103.35994
0.6436141,2.646826,6.5734143,250.47708,15.149417,80.208824
0.8040487,2.8594174,4.7368617,219.18538,23.993736,82.12553
0.71644557,2.4446309,3.881135,219.8901,14.085725,91.16747
0.7176833,2.4617202,6.7060637,250.76556,16.372358,77.559296
0.863341,2.5928779,5.032355,220.83644,29.359587,88.35926
1.1761123,2.5385268,5.12489,178.00528,23.60545,89.69873
0.6938525,2.616995,3.3580377,210.58488,27.403921,88.15405
0.7167005,2.6349506,4.2337317,222.15443,41.28399,95.30831
0.7299687,3.2368946,5.0536585,221.08624,30.008078,99.274376
0.7702842,2.4992337,3.43861,211.43217,28.708952,85.65151
0.8379448,2.4580662,4.460648,220.92154,32.298187,94.44436
0.79861516,2.4426172,4.1547313,192.27744,13.06663,70.52694
0.8201619,2.6580946,4.752902,217.24179,27.387716,88.71545
0.88557327,3.0907154,6.07129,218.95953,31.237675,89.665764
0.7133087,2.6606903,3.9937298,246.4813,35.260723,118.30892
0.7404206,2.5000186,2.9539874,204.60263,27.39929,88.131905
0.7849432,2.3162985,3.628387,203.22455,14.418071,69.31397
0.7619231,2.336161,3.0381622,200.74028,25.581987,81.37378
0.6775828,2.5483992,6.818137,306.6702,16.143385,68.90285
0.82071173,2.8076556,5.668363,218.49103,29.417238,93.69281
0.7090971,2.5314314,3.7671266,209.59412,19.503946,78.39971
1.1629671,2.634098,5.7018104,184.05942,24.613773,96.448555
0.7506182,2.4923253,6.9583607,256.42297,15.110934,81.89996
0.8772402,2.9278443,5.305612,221.89589,27.697615,83.97748
0.6930344,2.6280634,3.782038,221.03955,21.801666,74.11948
0.80482143,2.52589,4.843439,201.9345,15.733544,72.802704
0.79204845,2.447891,4.0114346,232.30418,25.787678,95.10034
0.79455525,2.3418934,3.5698361,202.21007,24.812134,77.756744
0.8300866,2.6281576,5.591997,225.61789,27.687551,87.63423
0.66771966,2.5197022,3.933915,198.3717,12.893832,92.47157
0.67086935,2.4272761,3.9581218,227.4025,37.85887,99.81197
0.64710397,2.7659678,6.188938,276.57968,15.192394,82.95302
1.1558985,2.4518843,4.8839355,181.02887,24.704437,89.31338
0.8945696,2.465998,3.5496602,184.39525,30.816154,106.55006
1.1139828,2.5177224,4.962449,181.53638,25.691992,96.65887
0.78171057,2.5327578,3.192856,215.54617,25.585453,79.28994
1.1598222,2.54533,4.301419,192.76462,23.511116,91.50326
0.767643,2.4776397,3.6089985,221.56813,29.445145,92.67272
0.71998554,2.4887736,6.366543,259.34354,14.919277,77.53715
0.71235406,2.755933,3.7035668,215.29338,35.03004,97.4752
0.70333815,2.6489646,6.151588,280.60397,14.260315,74.001526
0.86696327,2.91817,5.7662725,227.3277,29.3946,82.486046
0.67250735,2.5371678,3.2746289,216.85565,31.094332,96.39918
0.8078364,2.6811087,4.8078637,216.1727,27.112858,86.464584
0.7497763,2.479179,3.2925253,219.29964,18.478014,79.042
0.68104374,2.502627,6.7884574,281.59128,13.9773655,67.11765
0.7267906,2.3743696,3.7730248,222.48846,29.936546,98.81334
0.65674955,2.8188694,3.4037077,213.24922,31.426453,120.78816
1.1261961,2.4017076,4.89814,178.97615,25.079325,88.93726
0.68104374,2.4854577,6.617856,272.73914,16.083048,72.72769
0.74839324,2.4187372,3.7567103,209.74428,27.00105,88.78503
0.71751475,2.7417164,3.909673,208.1174,34.455547,99.856964
1.0771978,2.2667804,4.7255034,189.61652,24.925968,84.38338
0.6874992,2.5877635,3.3402538,213.78242,33.026756,100.24043
0.7840501,2.3971412,3.1009924,209.52597,25.478468,81.073235
0.64625674,2.5690994,6.919356,285.13336,14.651175,70.620224
0.80711377,2.396086,4.467905,210.00598,14.045748,68.43572
0.70178396,2.4976387,4.029115,215.87955,13.913591,85.69343
0.66232973,2.690809,3.4026296,215.35068,18.256296,78.28002
0.6970279,2.5659957,3.5756528,211.60898,39.807346,97.52638
0.80183053,2.9527802,5.027601,217.67534,29.750044,82.90406
0.78585637,2.2667046,3.9598958,224.29538,32.682484,89.28451
0.6774607,2.571682,6.546113,276.13428,14.954544,77.00473
0.74127775,2.482191,4.219978,192.1383,13.403552,77.07614
1.1691322,2.6665773,5.3577733,184.75188,25.040089,93.08837
0.82779175,2.5168502,4.2502465,206.38718,13.658708,68.33858
0.69105184,2.637221,4.1945443,214.68587,35.791252,96.773476
0.73668325,2.4042308,3.3946164,202.70067,26.863081,103.63972
0.7325234,2.4153445,3.5305924,194.35562,23.814451,99.43361
0.7789569,2.712991,4.7548556,226.787,18.664011,85.3016
0.80579394,2.5430377,4.640148,199.78764,13.899487,71.24834
0.67323864,2.6333232,7.0417476,286.9742,16.935827,66.357475
0.8024539,2.5394287,3.4656825,203.88145,28.732534,79.54647
0.79276985,2.444131,3.9630291,229.1124,29.222353,93.50589
0.713126,2.5753484,3.5590515,211.13225,30.217545,100.414185
0.6946365,2.3847265,6.619283,249.76636,11.0530205,70.55305
0.6912751,2.6914067,4.2739334,217.57913,38.941315,101.72552
0.85534024,2.9360454,5.4192185,221.44423,25.329689,83.14897
0.7093967,2.5561576,3.3493629,219.31543,31.690767,93.13153
0.7310827,2.6044497,3.6501415,210.08911,37.91201,102.888466
0.6955616,2.4405646,4.3184867,210.6828,14.938629,88.24911
0.65658545,2.479174,6.5764885,284.50632,15.573257,75.46982
1.1554841,2.5212646,5.0969324,180.03032,23.642082,93.85472
0.7103013,2.4383004,6.00687,249.09982,15.087203,76.08996
0.725323,2.7565496,3.9564235,211.15752,30.466251,93.80497
0.881101,3.086203,5.648363,219.40906,26.123518,85.50656
0.7855498,2.6598318,4.408901,219.13731,29.51275,90.10323
0.69380474,2.5548065,3.7186713,209.8056,39.0519,98.333626
0.6796596,2.5496597,6.590806,274.37747,14.17802,72.42204
0.78077954,2.3566823,3.1932287,215.62502,24.06511,84.47658
0.8450239,2.5589287,4.28532,216.38081,27.107492,79.97811
0.76677275,2.5646646,5.560319,201.39311,15.431084,68.91799
0.7244727,2.5890002,3.9650974,210.86412,31.33153,103.67906
1.0732585,2.5374649,4.9192643,186.91318,26.97476,90.446144
0.7529128,2.444907,3.4222589,212.62852,28.72646,87.12404
1.1591077,2.7505386,5.6706357,183.31543,24.896332,91.74517
0.7237304,2.7397401,3.7099586,216.58707,36.230083,95.561005
0.80987054,2.8466024,5.125754,220.14998,30.127222,90.85778
0.85643667,2.870543,5.440752,223.76979,23.349419,86.47547
1.0671569,2.4950936,4.627287,180.39235,21.951155,98.74603
0.68708575,2.5278986,3.1830103,209.34511,31.875586,97.09934
0.9066704,2.4790673,3.438362,191.63359,29.426126,105.820885
0.8067338,2.684834,4.892221,222.36989,29.20967,90.27323
0.7747962,2.4840064,3.3661208,186.08817,14.446916,67.99925
0.75341594,2.5152378,4.039194,224.04216,30.390331,90.469086
0.7757385,2.6509607,4.800957,210.04834,29.489904,85.345375
0.67416316,2.4583576,3.2687097,204.27255,33.265556,104.46712
0.80264956,2.4977853,3.5586233,219.25113,21.002691,77.1761
1.1402506,2.346409,5.308812,191.42455,26.871721,95.97158
1.1691432,2.6582367,5.5709395,175.78546,23.297737,93.54553
0.8242937,2.6575236,4.003541,194.05206,13.357477,69.39526
0.78123057,2.7956953,5.69164,221.11514,30.274925,91.27
0.6781211,2.4462006,3.553417,209.85252,28.784836,107.55705
1.0934739,2.619327,5.056522,181.35849,20.877115,93.94821
0.69718367,2.5967066,3.810301,212.62407,37.815266,97.989685
0.8364843,2.6178796,4.09746,193.94725,14.631214,73.89853
0.8407978,2.5317276,3.9865587,189.51067,13.071996,68.14506
1.1249933,2.4521809,4.0979834,195.08058,23.213654,94.49071
0.76707816,2.409433,6.605933,257.78574,15.127981,77.09412
0.8215665,2.6261303,5.442011,220.23482,27.737562,91.5986
0.7978471,2.524873,3.9729736,217.75485,32.72097,94.12075
0.7700095,2.6119254,3.7759762,215.94955,26.621819,76.40383
0.7267488,2.602076,4.0395966,213.48018,37.83853,102.968124
0.74329305,2.574364,4.372891,220.04933,14.081726,87.4775
0.7596854,2.630995,4.423264,211.96587,29.739336,91.648056
0.78572017,2.351146,4.0037184,227.48807,29.64787,99.26482
0.67843294,2.6385517,4.1044135,209.50578,31.28971,100.19431
0.660657,2.6484787,6.7626576,276.12308,16.355988,67.48308
0.84969896,2.5469823,4.381519,187.02097,13.603375,73.79799
0.7028623,2.5565722,4.0916777,219.88393,40.44607,91.670395
0.65154344,2.4641619,3.7709723,197.10709,14.719799,71.86592
0.83057207,2.860262,4.161659,220.60184,26.771484,90.3651
0.7503686,2.5613546,3.8229902,215.26001,18.736086,76.27377
0.79012364,2.669618,4.5598288,214.22499,30.034311,88.22302
0.7756662,2.440739,3.073545,212.77834,25.953733,75.17079
0.7708506,2.2561994,3.316215,197.73555,24.90522,83.41082
0.84459,2.9419618,5.627881,227.79233,25.549871,87.917755
1.1127808,2.6285646,4.7547336,178.82362,22.376461,97.521034
0.6762858,2.522287,6.6373763,262.89117,14.372448,77.07967
1.1201327,2.418522,4.875726,180.56282,23.452074,96.29337
0.75293344,3.1969192,4.4788623,223.54103,37.677616,104.97711
1.0363185,2.4075186,4.3144646,176.78105,22.261215,95.00992
1.108619,2.3375747,5.02668,181.32675,22.69036,94.37368
0.6992891,2.723603,3.7222526,211.5656,36.039745,98.37649
0.6905754,2.6470656,4.123969,220.63824,35.172142,98.75032
0.6968585,2.6143544,6.8025236,290.0618,15.408394,70.099396
0.6907452,2.3713148,3.2587683,208.61816,37.53376,93.99145
0.7587069,2.396268,3.3992817,248.82536,15.434907,97.92177
0.7416846,2.4231033,6.446363,251.04684,13.998646,70.275635
0.79088247,2.8208592,5.565167,225.56131,27.765245,79.84311
1.1425202,2.4467788,5.036718,179.83101,23.984459,90.56931
0.69134086,2.5863616,3.6666641,220.92754,17.897678,81.8708
0.7215433,2.6024966,6.186968,281.0681,14.256015,64.578865
0.7720411,2.4131198,3.3041775,204.61464,26.55391,82.65093
0.84744257,3.1915436,5.474439,224.60298,29.043533,82.77253
0.689506,2.362808,3.9557033,214.17903,13.760771,90.43911
0.8288825,2.863645,4.623602,248.45877,14.891593,101.60801
0.69883025,2.5237052,3.4721093,207.07089,36.133533,97.54973
0.7435317,2.3371654,3.7188706,217.9276,22.446089,89.14085
0.74260646,2.9221454,4.7027025,211.09792,28.72144,89.27872
0.86950874,2.9224129,5.903365,221.37878,27.651573,94.20135
0.7097416,2.6816297,4.0294385,218.80695,31.002386,94.67508
0.86506605,3.256722,5.7869897,222.4347,27.920887,92.00584
0.8651678,2.660253,5.4430504,220.62445,28.240177,85.146164
0.88012725,2.8320692,5.8086505,219.14337,18.876062,80.0158
0.7732288,2.672941,4.7841887,216.06099,26.73162,88.0011
1.1317002,2.4160712,4.797357,183.77579,22.884123,90.87589
0.7043384,2.8903387,3.9898887,221.18938,32.52467,101.14564
0.7375684,2.4081862,6.7373695,267.52765,14.697135,68.20208
0.7367851,2.6359804,3.794958,209.35449,27.295353,85.813194
0.8333051,2.9172194,5.74314,225.75175,28.022268,89.02484
0.7141384,2.5596507,4.320492,226.33002,19.875643,93.38282
0.6670871,2.4774897,3.3972695,209.28752,35.36803,98.93479
0.7469034,2.4300237,3.7998426,198.81393,15.664744,70.08412
0.7205868,2.5286984,3.4125226,209.6134,35.765583,96.01222
1.1359677,2.3115304,4.6411023,181.43954,23.038126,89.64964
0.70504737,2.4831395,3.0699544,203.2542,33.610344,93.53479
0.74567187,2.4886189,4.0972347,211.59647,18.867146,80.03659
0.7927884,2.6793811,3.8188605,211.23022,28.928463,87.43813
0.6875652,2.4653022,3.28503,208.53313,34.81442,95.25574
0.74309033,2.3416755,2.8034124,207.57399,25.122215,82.30908
0.7721483,2.5770528,4.2272196,222.17075,27.768866,85.09895
0.6901772,2.5620134,4.0000997,219.63118,40.742016,99.06438
0.67351633,2.682393,6.674338,275.95407,15.568999,74.568306
0.8385983,3.1007552,5.596074,224.30855,33.41609,99.91836
1.162761,2.7313762,5.7880335,190.2915,27.214594,95.44707
0.84902924,2.624268,4.9755793,212.74202,23.962145,90.98364
0.6961544,2.3996964,3.5297956,212.78807,17.222036,76.889626
0.85318154,3.0507655,5.3772435,219.01279,32.587006,94.11043
0.67395717,2.6046178,3.5186436,205.78488,39.691074,104.04605
0.77468854,2.426079,3.9903514,226.51097,32.061584,94.06781
0.7307322,2.6014745,3.6280582,184.8407,28.48839,105.28647
0.850257,2.9250433,5.561814,223.08134,27.846636,88.84012
0.78229535,2.2425022,3.141375,201.79868,25.151371,79.28828
0.79289305,2.7662907,4.387122,210.16937,16.55449,87.37428
0.61235887,2.536461,6.6017723,263.21027,13.092903,70.317
0.69869554,2.5389605,3.9758604,218.74414,37.278553,95.74875
0.7234016,2.4822652,3.8469357,210.57704,38.453396,94.70086
0.78052557,2.534976,3.9066713,218.9517,28.893494,93.68887
1.127294,2.3496356,5.0042405,181.4667,26.470093,88.769066
0.724521,2.5805771,3.2745554,205.29855,25.707066,82.01333
0.6810074,2.5720668,4.8965564,219.49057,14.559687,120.18462
0.7953943,2.4514716,4.569763,201.88347,15.59351,66.54278
0.6537736,2.5797842,3.3095582,212.7342,37.451237,96.68911
0.8497166,2.747014,5.089923,221.50792,29.60978,87.95038
1.0540636,2.3158786,3.9120867,198.74683,26.589214,98.58513
0.84968746,2.864456,5.08805,215.07144,21.864069,81.737816
0.832612,2.9201107,6.658056,222.82652,18.554197,81.23278
0.6868362,2.5150166,3.4901829,206.37822,35.483986,104.78007
1.1917963,2.6797307,5.273771,175.48564,24.967009,92.55102
0.8293545,2.4593263,4.1290574,230.90825,28.60534,103.86111
0.66421175,2.595464,4.0924234,226.92676,41.847492,115.9275
0.79477906,2.4414465,3.5849006,221.60437,26.75693,88.10947
0.76475275,2.6425138,3.9717498,231.3215,26.447699,88.380035
0.8576472,2.7413032,4.6865997,221.04546,29.19342,97.41173
0.73543257,2.402014,6.610318,263.1616,15.437619,75.380875
1.1153392,2.5810404,4.771083,180.01984,21.338757,93.87849
0.6722145,2.6151185,3.9205523,219.14525,40.2321,98.26163
0.723345,2.3890548,4.1550884,215.35098,14.0962305,90.80707
0.82669294,2.6092281,4.6005435,212.82765,27.730844,90.35226
1.1375079,2.3584576,5.1317143,187.27074,22.147728,98.17976
0.6342755,2.5731275,4.35877,227.37334,20.617348,100.21386
0.7243161,2.582706,3.661214,208.54337,35.6471,97.121895
0.7350848,2.299046,3.4067626,211.44498,27.03438,93.08358
0.7175079,2.6103735,3.331549,218.9635,27.158482,100.96166
0.71736425,2.58771,3.2632408,202.53711,25.144081,80.48667
0.7230133,2.4532087,6.3172526,259.25775,15.075223,81.761246
0.8690489,2.466353,4.2188063,203.19383,25.26689,90.94278
0.8829407,2.7892222,5.2529073,224.9703,28.881145,82.75733
1.1225196,2.4602213,3.9577265,182.48325,25.54054,93.83839
1.0906551,2.416241,5.009306,181.87576,26.439508,89.971085
0.8668471,2.6707282,5.343031,220.66054,29.412617,93.09654
0.70303875,2.7529407,4.6381965,211.79553,40.224678,97.06226
0.6906107,2.576376,4.060826,220.31528,34.837833,102.682465
1.1426834,2.506873,4.9931087,179.91138,25.224497,94.38461
0.70707935,2.6079736,3.8602757,212.29684,38.8652,94.32801
1.1723477,2.5567696,5.184725,177.48227,24.113363,90.29037
0.66454136,2.4665265,6.587552,271.30725,15.813138,68.6245
1.1171688,2.4102678,4.7357616,178.38255,23.699623,95.46714
0.7258295,2.7133355,4.035535,215.07605,36.692528,95.80967
0.7785969,2.4631693,3.2143297,203.5308,25.08494,83.01233
0.7679469,2.685105,4.684162,209.74908,27.3731,88.54792
0.76688117,2.4918427,3.2271807,204.75761,23.860395,80.71423
0.7081903,2.440099,6.6776137,244.39226,12.23978,74.54015
0.66196054,2.5530844,6.353521,269.41125,15.039025,68.03863
0.6931714,2.5773623,3.6369927,209.50508,37.315662,99.24418
0.8797359,2.5164213,4.0188723,192.03444,24.59435,89.23037
0.8119091,3.2347388,5.201162,230.06462,35.174255,98.97197
1.130994,2.4376605,4.7114997,173.4569,24.771397,87.76864
0.76828915,2.2820015,6.757512,260.35425,10.653359,69.82344
1.1533147,2.5472357,5.1535316,178.00444,26.335262,89.216156
0.6983859,2.7910562,4.598436,219.69759,18.523045,86.20231
0.6807921,2.5063276,3.1401222,204.01285,34.51601,95.45694
0.7383924,2.52203,4.126153,206.87035,27.75334,90.092964
0.7189663,2.3755457,6.0549264,252.10284,14.105455,76.602066
1.116736,2.51206,4.7521973,178.62292,21.678043,99.56845
0.6952438,2.5863838,4.3553185,232.69386,18.17648,93.74031
0.82907915,2.4293556,3.8275747,178.51581,14.647095,76.06312
0.7275958,2.3604615,6.310384,259.98306,13.528529,75.46644
0.668252,2.5997765,7.5399156,268.30783,16.017447,71.59862
0.76544684,2.3619826,6.6514764,254.83737,13.944469,76.79879
0.64854056,2.5780241,3.5507991,224.32298,18.535604,77.09952
0.7037522,2.5959387,3.8251257,210.3691,37.838326,103.49423
0.6712112,2.6473033,6.7128377,272.62234,14.661905,73.82041
0.7034523,2.70018,3.8070767,212.1849,31.85445,91.18482
0.6748666,2.529854,3.2619739,206.71022,35.920498,102.22208
0.6741955,2.5774028,3.5723646,211.92636,38.374943,97.690216
0.6708157,2.7215827,3.691571,231.32019,17.292377,82.163284
0.89207464,2.855181,5.414913,228.93242,28.558619,88.071625
0.79724926,2.8299024,4.0342183,232.58981,22.405369,77.17007
0.69257796,2.7562306,6.9432197,268.45105,14.221954,71.99832
0.82973117,2.6980777,5.4611526,228.02924,30.235043,90.98689
0.6947922,2.4670396,3.2347934,211.84947,32.12164,93.18723
0.8125659,2.4025528,3.7825742,202.30681,12.497903,71.3733
1.123198,2.3576672,4.729928,182.69943,24.702251,95.007515
0.86021864,2.841243,5.6564455,224.05348,26.77022,87.05933
0.67807925,2.5507307,3.724991,210.34091,32.462967,102.24811
0.67623675,2.499196,3.3519192,224.39894,30.84981,106.17105
0.71515083,2.553244,3.8878253,213.90294,38.256485,98.92003
0.73575455,2.2648726,3.4334328,210.63399,22.82707,91.66856
0.6870336,2.3811269,3.6851919,226.14049,29.010855,100.32942
0.7504096,2.5673196,5.7275023,200.25777,16.600752,77.30873
0.7223225,2.450599,6.685393,258.50412,11.581348,78.03662
0.7630625,2.444637,6.8083997,259.33414,15.675658,79.6991
0.71517324,2.4512904,3.7275243,208.84828,20.45699,90.12829
0.7201939,2.6328905,5.168902,185.14546,14.828982,73.43814
0.72738916,2.3784008,6.1937623,281.04453,14.970557,66.60062
0.71644264,2.7174788,3.9547868,215.46858,36.230083,98.82173
0.7308555,2.3535175,6.481795,259.76385,15.04349,75.215645
0.86554146,2.5926228,4.51166,221.80682,32.895557,89.096825
0.72314197,2.6200552,4.4425898,209.15154,29.812656,87.25367
0.76897883,2.3121026,6.39586,263.7621,14.236311,73.94022
0.7167005,2.650716,4.301881,219.51558,42.052868,104.2011
1.1076753,2.3171105,6.01172,197.11047,25.205986,91.2834
0.78667927,2.3542066,4.554895,190.69589,14.353904,72.541565
1.1422682,2.6215582,5.0385103,175.94824,24.884403,93.3964
0.68489975,2.5649939,6.69423,266.2715,15.306601,70.250275
1.1528274,2.394332,4.6745443,180.03032,23.60344,93.48057
0.78445685,2.380117,4.157121,186.26102,13.513481,70.33561
0.67355,2.495124,5.6509104,278.58084,25.377462,77.02808
0.6740495,2.5927436,7.334852,268.74176,15.030882,67.080894
0.76459634,2.3862839,6.297724,255.64052,15.082046,76.36515
0.8023021,2.5545356,4.0153995,170.59816,13.367927,67.73099
1.0934906,2.369803,4.7079964,181.36542,22.253006,92.53659
1.1095309,2.330716,4.8102894,176.11217,22.508392,88.21082
0.65466505,2.53001,3.2427952,211.35698,35.176083,106.045364
0.8347191,2.5708477,5.112762,228.72522,29.804924,85.5336
1.0602564,2.4184701,3.5893962,185.36038,25.754057,97.03293
0.627376,2.5243866,6.8089623,263.2567,14.993758,72.449715
0.65413433,2.5276618,6.879326,247.47136,16.537313,76.34531
0.7935372,2.717286,4.16553,201.47772,28.806133,81.965866
0.7250348,2.4859622,3.969884,216.3378,29.47851,92.09714
0.75468504,2.5115688,3.448573,211.31516,28.919153,104.23683
0.6927017,2.7449195,4.3368425,222.63174,40.48056,97.06703
1.1384736,2.5344641,5.295034,190.15263,25.27747,92.60514
0.7249552,2.9692492,3.8904011,210.0172,35.225597,100.26811
1.1552253,2.5611193,5.5182624,180.346,24.537966,92.848854
1.1423242,2.415401,4.8260226,174.86134,22.25233,92.184395
0.74553525,3.1374125,4.8189383,220.5481,26.633049,89.25386
1.0648346,2.5543392,4.7464557,176.51042,21.512241,101.661224
0.8756253,2.7154794,5.6788607,220.84622,26.453651,99.04468
0.67323315,2.7756689,6.242121,276.90604,14.545024,70.894905
0.760236,2.2724297,6.7047906,256.31808,15.371489,71.605545
0.7894307,2.2680717,3.4483516,220.36739,15.733469,95.808525
0.7284612,2.572418,4.897491,226.08765,14.258101,104.6753
0.78205746,2.607856,5.0149293,232.01115,27.54572,86.58671
0.71822405,2.7363849,3.796249,204.92523,35.475918,98.19891
0.801023,2.574493,4.9118066,182.72383,15.795387,78.803406
0.7941952,2.395799,3.2793703,204.61649,26.080578,79.95119
0.7219869,2.72359,3.5026875,215.64465,25.63276,84.02839
0.6605717,2.5073595,3.0757132,215.98683,30.38589,97.893715
0.68632793,2.3152468,6.635401,210.58638,18.30219,93.88372
1.1174154,2.5205162,4.387516,188.5349,24.956814,92.05077
0.68641245,2.5116622,3.065852,221.80545,31.120928,98.46181
0.7760379,2.466662,4.706864,199.44374,13.952856,72.54146
0.7189777,2.419772,3.9084504,202.21373,22.74912,88.10296
0.6671158,2.644551,7.37542,322.73642,17.527004,72.78799
0.69486856,2.5885642,4.7864466,229.25752,17.082184,102.29571
0.6893052,2.5213006,3.3759296,207.3003,37.126305,100.64049
0.71504873,2.742394,3.742353,203.108,34.17584,97.50783
0.79286814,2.6019843,3.3896663,212.50244,26.294333,86.76828
1.1462196,2.6356156,5.3064556,182.80121,27.218624,89.50621
0.82651603,2.514382,3.356882,215.88768,25.177824,85.12931
0.76870006,2.5643883,4.1399,232.68155,25.180136,97.16845
0.6897834,2.605674,6.99076,258.5321,11.914086,76.7777
1.1632783,2.589048,5.2259154,184.39815,25.322626,91.94514
1.1503153,2.679353,5.2021375,178.22815,25.11931,89.59908
0.703239,2.6458251,4.123835,218.55688,36.97087,96.28878
0.7233992,2.4036984,6.739285,253.72151,12.2648945,76.015656
0.6934521,2.6502662,4.633455,219.84607,28.748583,89.12087
0.69066674,2.7012715,4.48289,226.57492,31.391405,103.06784
0.73809284,2.5568337,4.4810286,217.9116,29.254301,89.01741
0.7824309,2.5524666,3.8506296,198.64355,27.807154,85.076035
0.7662281,2.9113984,4.7101088,210.88824,26.340406,86.04605
0.7070914,2.662977,4.2165127,218.2763,17.798805,87.91688
1.1899786,2.6533735,5.4248633,178.85124,25.231052,94.88609
0.71573716,2.508324,3.474198,202.31422,35.723663,97.22527
0.8554161,2.6336732,3.971242,176.44344,14.105738,73.925415
0.8632647,2.6656606,5.3990583,224.36096,28.367516,83.423904
0.723273,2.8298376,3.9368072,211.00504,35.66839,95.818214
0.6902226,2.6380105,5.982941,275.39883,13.420504,70.02009
1.1562692,2.5313885,5.7580853,183.89966,24.054794,93.416046
0.81186163,2.4304185,3.9812956,220.57333,32.721367,89.49976
0.8292365,2.6734798,5.536837,222.64693,30.01117,89.79224
0.7101261,2.4906042,4.0825877,245.81602,27.853481,116.18865
1.0919682,2.2780786,4.5966725,188.15472,25.093498,88.04483
0.8027098,2.5862088,4.9936957,220.4647,28.371038,99.25303
0.71664315,2.6796792,3.5164003,217.52965,26.728346,92.55636
0.74384236,2.6024306,3.9417286,212.88957,40.96323,101.944374
1.1133131,2.3701832,5.269662,180.83372,23.629578,92.0219
0.7224253,2.4171824,3.5568197,241.09082,24.554007,104.46318
0.87153107,2.9450226,5.571724,221.24655,29.088654,88.61272
0.7149368,2.3110437,6.2114906,252.28816,14.221252,73.9853
0.6687235,2.553746,3.7082288,214.41681,36.324287,97.00216
0.8351737,2.5753832,3.6220605,180.94138,15.658748,71.176315
0.77200156,2.8817556,4.056853,207.34349,34.069996,100.934654
0.6989946,2.5813594,6.6421666,281.96414,15.432438,66.98535
0.60817254,2.8504086,6.147751,293.89813,13.992439,70.75218
0.7972734,2.4932275,4.1287303,232.0241,28.138906,87.878235
0.8053895,2.4475648,3.8488014,187.18076,24.499992,100.35856
0.7174997,2.782206,3.9001703,213.9103,31.182678,92.83243
0.7620989,2.5535316,3.575593,218.84566,19.88619,78.418106
0.68256557,2.6103194,4.0251474,217.70076,39.18635,93.80613
0.66772705,2.5314407,3.0659544,210.53297,33.86086,102.71014
0.86748934,2.972286,5.0818906,221.95653,28.000416,90.82066
0.65666,2.7224126,7.02152,286.43448,15.859235,65.6496
0.68135816,2.5799932,4.104234,216.22446,38.48064,98.88937
0.76810086,2.4169219,4.0608644,192.62605,14.126483,74.20382
0.67338014,2.5080528,6.787385,269.4398,14.19217,73.76784
1.0757551,2.6372683,4.804357,181.2188,21.699343,96.62435
0.7324476,3.124997,4.3373003,219.36794,37.465313,100.10325
0.7187563,2.69925,3.8743844,208.8208,34.837826,98.03109
0.71261674,2.7539675,3.4025168,206.15073,32.040546,99.09182
0.7428762,2.623465,4.7253194,190.14275,15.85392,78.77215
0.75667655,2.4415872,3.356686,185.8904,11.367441,73.51827
0.71228075,2.5922694,6.759008,256.14383,12.180536,69.46976
0.7879309,2.847085,5.2685924,221.70235,28.856354,91.62354
0.6837944,2.724476,4.2647576,216.36792,40.28444,103.59402
0.7751974,2.4363034,3.2027035,210.89992,22.322905,90.60888
0.8709804,2.6875756,5.518708,223.72595,26.669445,97.80203
0.7287382,2.756459,3.745833,214.35333,33.401745,117.5463
0.67706245,2.5990727,3.919756,214.98418,33.07044,100.34583
0.82192266,2.7017422,5.1644487,216.63675,27.100494,87.78773
1.0950749,2.426223,5.319502,191.8427,25.041437,98.35651
1.1347895,2.457116,5.0772357,191.24646,23.96491,97.44044
0.7669559,2.41745,6.746857,279.82645,15.943699,75.69846
0.64978963,2.576951,3.8266883,217.46037,38.23824,97.00022
0.7166602,2.6522074,4.5695724,249.15756,16.445387,120.37596
0.6613502,2.551114,3.485022,207.75212,38.26702,95.88023
0.8670092,3.1383522,5.665115,220.6194,31.750301,96.10324
0.68124694,2.6417074,3.5215895,208.65347,31.047092,100.81065
0.784564,2.4976263,4.6558046,195.81982,12.748566,70.702644
0.8286808,2.8170915,5.8154125,215.38815,27.318537,86.46191
1.1490345,2.5833507,5.2438483,177.4842,22.098732,96.0239
0.7174176,2.5792537,3.41256,213.6643,35.059093,96.518486
1.131926,2.4522166,4.913217,182.12657,21.535416,89.23637
1.0595965,2.484675,4.531866,186.56644,22.818733,101.901024
1.1741672,2.6930103,5.244449,181.16826,24.307638,95.11563
0.8035182,2.6952064,3.347814,213.95436,26.913366,81.622765
0.8564736,2.5861962,3.9995332,181.06073,13.737432,72.26092
0.7877338,2.8818529,5.3467555,220.81706,27.34013,88.27726
0.66504955,2.582838,3.6141856,230.98268,29.427858,96.88729
0.73229706,2.5767186,3.8690758,208.11205,18.090008,84.62955
1.1450634,2.620263,5.1151247,187.48206,25.80758,94.98152
0.7262203,2.3474405,3.9733481,244.27657,31.02431,102.55754
0.7052513,2.3555615,2.8702664,206.05981,24.586342,79.860085
0.8066669,2.9100342,5.2400107,216.37453,29.883335,91.63818
0.76659405,2.3504753,6.8051643,260.71252,16.155287,73.917625
1.1058322,2.453051,4.866091,191.88432,25.650244,96.85929
1.1349102,2.4476085,5.218415,193.46335,25.569622,98.06097
0.708303,2.8959363,4.1460304,214.12552,36.383774,102.0594
0.7160957,2.3534212,4.1821766,225.40991,13.763449,88.969246
1.1546295,2.4460194,5.071796,185.15712,27.11682,89.3276
0.6626797,2.5872118,6.918926,267.5908,15.07848,73.760315
1.0957031,2.41555,4.6006794,181.8096,22.39008,98.782906
1.1793956,2.719154,5.5853043,175.26471,23.438597,96.96965
0.62721676,2.4677837,6.5140023,281.0803,16.021223,68.77719
0.7847184,2.4988685,3.6076734,181.30678,15.278781,78.916214
0.7783314,2.2770746,3.3360708,219.91266,19.497377,84.686424
0.79213774,2.6652222,4.148394,217.57178,26.113798,80.92484
1.179691,2.7716887,5.7862005,190.61734,23.911392,96.146736
0.79906213,2.36153,3.2738993,212.35414,28.051512,78.14323
0.67145485,2.4729486,3.4071708,235.90485,32.47632,105.15556
0.8477671,2.6097727,4.342088,190.93947,13.085878,74.445984
1.1318988,2.3737912,5.0042405,185.28412,26.517618,88.769066
0.7255974,2.699494,3.8638864,209.90146,36.230083,96.40405
0.8371082,3.1448119,4.9987955,226.60863,35.439526,104.78067
1.0523869,2.4394443,4.3893375,179.57077,23.303064,100.89707
0.80322754,2.6773555,4.309888,236.13364,16.411135,84.73817
0.87041765,2.8818448,5.3094964,221.66609,29.227852,90.52881
0.6893693,2.5649822,4.1898494,224.635,29.690487,97.05079
0.7455547,2.440424,3.2098322,212.05919,26.483854,78.808815
0.7545387,2.327976,3.3201935,212.0783,20.014153,88.91344
0.6967655,2.5692961,3.489391,211.77614,36.261124,98.57851
0.6768024,2.7350326,7.3282423,266.5782,13.611265,72.03548
0.692792,2.649881,4.2220035,217.39516,39.58591,105.16158
0.6706405,2.5970657,6.558599,278.18063,15.52127,77.0925
0.8308998,2.3016343,3.6960003,199.2067,22.207869,101.84181
0.7543422,2.4116812,3.9220953,206.26596,23.614939,83.6964
1.1416389,2.622405,5.39495,190.71725,23.781254,102.99626
0.866563,2.7935667,6.0699115,225.40959,26.858688,91.660385
0.71738416,2.7229736,3.380372,223.66418,24.415031,99.43266
1.0968192,2.3991213,4.89946,178.87427,22.908049,94.95104
0.6731009,2.392117,3.6635914,209.91158,34.282307,108.104706
1.1324445,2.402384,4.984778,181.89502,23.84092,102.65961
0.7254515,2.402411,3.0571682,202.25471,34.963806,97.07087
0.7783125,2.3735762,4.442098,199.55847,13.202005,70.07039
1.0938509,2.304401,4.474951,186.57925,24.73624,91.605675
0.9314689,2.6711085,3.8499663,190.94266,32.390762,105.409485
0.7587886,2.8323846,4.1991987,217.10023,34.319965,102.35421
0.6576995,2.6372678,3.919954,211.67477,19.124275,83.76356
0.7250661,2.3936756,3.7887523,216.46555,18.59173,94.30022
1.0563815,2.478612,4.2919745,182.76845,22.681614,95.46864
0.7718248,2.555402,3.2949314,201.50117,25.93431,80.60819
0.85624504,2.587721,4.0119147,191.82915,14.55682,69.520355
0.75711465,2.3936954,6.7072086,262.83038,14.8195095,76.62873
0.78077954,2.3389297,3.2421966,229.09656,21.382504,93.416
0.87823254,2.9277508,5.6906204,222.94406,25.929377,83.662445
0.65950584,2.5019732,3.312335,216.15878,37.57916,104.23977
1.1394721,2.5120962,4.325939,185.77104,26.03018,93.40718
0.8034488,2.6172218,3.8709319,210.95021,24.065252,93.425224
0.6684235,2.5698748,3.8710227,230.04816,29.917048,102.555046
0.67841345,2.5043366,3.1376066,202.43524,34.355145,97.07277
0.6822971,2.4752705,3.01792,211.03552,30.855722,101.152824
0.7155766,2.527029,4.4511476,227.00728,18.00565,97.48854
0.7846373,2.525208,3.5206225,211.81845,26.339087,86.98353
0.7511056,2.7727213,3.7245185,210.91258,33.126335,103.05049
0.6727871,2.4915001,3.3005152,210.04294,34.130444,101.943886
0.6826938,2.513897,6.6882753,253.08798,13.846186,78.54999
1.1592926,2.4443452,4.7637987,180.03032,22.601591,92.618034
1.1660438,2.6545086,5.1868453,187.74382,25.42076,99.261314
0.8604773,3.0258124,5.915818,227.71826,28.520296,82.06152
0.7413577,2.8782365,3.9035974,214.9973,33.995872,95.579056
0.8193214,2.5373068,4.5027356,192.79247,14.488836,73.8434
1.1265724,2.4237182,4.5693226,177.21173,22.664072,92.8111
0.9460351,2.579318,3.7570114,185.79178,30.837889,106.35437
0.73569787,3.0314581,4.7267594,224.92526,37.42944,96.15385
0.8571981,2.623237,4.1956005,189.13449,13.590742,72.25892
1.1599277,2.6129668,5.402687,176.36705,23.278704,92.392586
0.7065575,2.5846686,5.9372344,286.2241,15.80831,68.242615
0.74680674,2.654425,4.260959,240.47484,24.395597,99.82568
0.68394107,2.5951107,4.0125976,222.09077,37.043865,93.636444
0.68472356,2.6041174,3.9603198,222.80803,38.2996,92.00053
0.7387811,2.5953648,3.6484516,205.80774,35.337315,94.32689
0.7582517,2.4111037,4.320724,208.593,15.900799,79.1416
0.8689441,2.801374,5.5935593,221.09427,26.809776,92.007416
0.8431559,2.6608255,3.9512827,187.44682,13.026853,70.981224
0.7706236,2.361623,3.160406,204.53464,25.307753,82.4108
0.7618506,2.5438213,4.2737613,223.8492,26.38024,89.18953
0.6887235,2.6096423,6.351665,270.16473,16.064741,65.16095
0.67828065,2.4925582,3.321018,205.6904,33.205692,103.255356
0.8133268,2.5309224,4.007463,189.02594,12.254018,71.41814
0.68922,2.7040498,4.2698126,219.2711,38.910873,96.76069
1.1293029,2.3035378,4.4487133,185.25497,25.455475,93.10511
0.7114395,2.4135838,3.8344557,230.95251,29.212503,97.361946
0.8475537,2.763413,5.845884,228.71986,27.024345,88.68199
0.8736823,2.6963415,4.6274996,222.81706,32.69243,93.14006
1.0834028,2.3674395,5.005293,183.06726,25.787271,91.93032
0.810844,2.9178462,5.4324474,225.20407,27.150402,86.75363
0.6736985,2.677401,6.6071434,278.58176,14.525822,75.4164
0.74396795,2.342798,3.2246974,215.27356,24.918636,77.337456
0.7194978,2.910353,3.7498078,210.68823,36.03167,100.396706
0.74860656,2.4771469,4.2287765,202.6626,26.116941,85.15359
0.8421586,2.9925086,6.391485,227.70784,25.187267,88.18168
1.1032995,2.441913,4.5972867,180.11678,25.007645,94.88754
0.7016688,2.558158,4.5317636,222.39153,30.287733,90.45291
0.6909848,2.481132,3.1317723,200.88574,34.635708,97.05852
0.76272774,2.375062,4.257844,216.3251,16.258955,93.79003
0.6774279,2.5271394,3.3312788,221.86331,30.39649,98.68917
1.1233314,2.5088422,4.3518906,184.4824,26.138084,90.84071
0.79862654,2.5524247,3.1807518,206.3359,25.622898,81.60786
0.850067,2.6293213,5.474188,223.04518,27.753775,87.16605
1.161964,2.4646301,5.053867,184.41609,25.93773,93.71707
0.7842741,3.2922328,5.2166824,213.69997,34.74594,99.01163
1.1119423,2.3740373,5.1740613,180.63895,26.377628,88.057846
0.6920996,2.5400968,3.2250736,203.18134,35.342354,97.63275
0.74923927,2.4022975,6.6602793,250.68259,14.195104,79.93579
0.6472929,2.4318478,6.913816,275.58575,17.127222,74.30618
1.1632792,2.4772644,5.092778,184.62558,26.041346,87.73186
0.6884762,2.5096085,3.3025103,201.0426,35.456783,97.588066
0.87167275,2.8556705,5.252318,221.70235,31.606867,92.24464
0.7268813,2.4838784,2.725988,207.31819,25.267197,82.01341
0.816114,2.3428051,4.1268888,223.41487,35.1949,99.24579
0.763217,2.8239741,4.3558693,210.7425,28.564209,87.32984
0.7846057,2.2893982,3.2174108,218.37032,20.783604,85.1782
0.75708145,2.35372,3.488309,217.85124,29.648045,96.44649
0.7052822,2.4152558,6.352833,258.54813,14.641617,76.71497
0.71802354,2.7755609,4.6544447,227.89369,14.06004,69.68534
0.7286508,2.5450017,3.396976,202.4642,34.908905,92.96785
1.0867286,2.2775376,4.546327,184.61766,22.699331,94.52793
0.749155,2.4249554,3.4145126,212.48065,26.950968,83.86283
1.0459973,2.41569,4.757691,179.68967,26.898144,89.0383
0.80684435,3.1601021,5.314469,223.45728,24.892088,89.06824
0.684585,2.7320182,3.9814665,218.81905,38.917534,98.61193
0.72438616,2.4340985,6.5298643,252.10417,13.52611,78.591125
0.7372521,2.9625766,4.0466886,220.02405,36.550915,99.91588
0.7847047,2.355323,3.5161273,203.01175,28.892282,83.07145
0.76607966,2.6258104,4.0164,213.73961,39.429405,104.17214
0.6845405,2.6373749,3.6745896,210.90715,37.073578,92.15354
0.7755331,2.423807,3.6248085,212.12431,23.839863,93.33221
0.82634765,2.480598,3.852784,212.25484,27.640743,85.106705
0.73287153,2.485042,4.3816423,206.24432,27.710573,85.863045
0.81495327,2.6209567,4.3185835,215.6683,18.525612,79.50945
0.8382157,2.5653236,4.6555934,227.79439,28.200844,89.89377
0.7079463,2.678655,6.848648,276.64932,14.973084,71.13095
0.8714006,2.660265,5.5904155,216.38948,29.449133,90.65274
1.116353,2.473375,5.4015503,185.36038,25.298752,92.834465
1.1158522,2.622868,5.6806087,191.23369,26.330076,95.26564
0.8332024,2.5969703,5.620477,222.33575,26.850601,85.00924
0.79616493,2.4465587,3.435518,205.39314,28.152617,80.425514
0.7388251,2.5938218,6.2410808,267.69226,13.990444,73.475975
1.0717793,2.3894918,4.742848,176.51471,22.40943,102.19381
0.76495856,2.3881733,3.4961588,207.308,21.945864,95.810814
0.835626,2.6195965,4.0787206,222.37053,27.504389,86.42765
0.7426459,2.9748707,4.2725124,220.20668,31.212511,95.18818
0.7560772,2.6019087,3.733531,205.59804,24.817986,83.79516
0.8567318,2.9539196,5.5875607,223.75934,28.365763,92.204704
0.8195251,2.6948948,4.783078,220.94386,26.617998,84.33684
0.7760202,2.3676186,3.8400476,222.96703,29.3667,84.37026
0.78928316,2.4859147,3.5422113,210.89378,29.181213,85.35974
0.7128159,2.5389507,3.2427335,205.84514,32.072815,91.343704
1.092374,2.4150457,4.8336725,177.51501,22.823935,88.01083
0.8431103,2.91951,4.438435,215.9584,27.459055,80.344215
0.79979557,2.8429344,4.024083,209.81,27.839493,85.59084
0.71619874,2.4003348,3.0561051,205.66844,28.45799,83.22021
1.1602111,2.6462202,5.164708,183.5067,24.380596,93.21648
0.7088162,2.7093568,6.1915693,278.2191,14.149397,84.05857
1.1220667,2.5140097,4.4143577,183.47337,20.309584,103.13903
0.68832356,2.55722,3.9691613,206.0949,16.845713,84.982254
0.6753906,2.5006084,6.0768037,286.56686,16.239523,67.44634
0.8834853,2.8562343,5.5238795,216.1727,26.842524,84.335266
0.6725082,2.6156318,5.8114886,278.85556,13.770023,76.47884
0.7309446,2.4265933,6.645511,276.81296,15.681399,69.41575
1.0747155,2.4145966,4.275567,177.72414,26.880661,92.55622
0.80842364,2.313667,3.5170183,205.80402,24.374575,85.81438
0.8851574,2.8171668,5.6864624,218.47592,28.692165,91.50282
0.75947106,2.4347088,3.4000387,200.52177,25.945238,83.27387
0.66685635,2.564124,6.6167192,245.38574,14.924368,79.70795
1.0390258,2.4394765,4.669384,182.30948,24.541237,91.26129
0.83714414,2.695874,4.683846,234.94917,26.148468,79.18762
0.7647086,2.4099731,3.4487734,208.6674,27.731268,80.54798
0.6909848,2.4755132,3.1465528,203.15866,33.45661,94.24605
0.66949874,2.5781305,3.2074652,217.62344,33.854126,94.73555
0.67079926,2.5572846,3.4845705,207.49878,34.544514,93.952644
1.099457,2.3576367,4.8971,183.0169,22.728172,91.19251
0.67741436,2.5586832,3.2864733,224.87035,31.942816,97.760956
0.7032274,2.4783924,3.2370853,198.40245,33.91854,103.57169
0.8912599,2.7999973,5.368993,228.49379,28.437216,86.813515
0.7184898,2.517544,3.0672176,213.55878,19.027502,81.68296
0.7328793,2.6179016,3.3365998,212.75642,24.30531,75.962715
0.6606025,2.541228,3.4020667,212.18704,39.5584,91.66939
1.1606344,2.583043,5.3196087,183.72884,26.274654,87.914024
0.8205709,2.8196263,5.791396,227.14566,28.61074,87.11046
0.760868,3.1191134,4.4651785,215.94038,38.363907,102.60328
0.7284344,2.7868402,4.3914227,211.36725,28.580639,91.83393
0.7144397,2.6951218,4.0742235,227.31664,40.379986,105.27984
1.0995272,2.493013,5.2763324,183.96324,26.919283,98.05732
0.8703117,2.8705006,5.6480575,221.0581,26.847784,93.4992
0.6578476,2.5916579,3.8118176,215.82797,38.09276,101.89335
0.7151124,2.493907,6.3358727,242.34763,13.1315775,82.2318
1.0661933,2.3146226,3.887461,185.16568,24.80024,91.806564
0.69108063,2.5649827,6.8052936,275.03897,15.814039,78.06918
0.6983341,2.8467283,4.4551325,217.78279,18.73224,89.71729
0.6801339,2.6035535,6.628162,251.45393,16.162046,81.63853
0.6889671,2.706228,3.9031157,213.81026,36.519905,102.32234
0.7050429,2.6326196,3.2606475,215.90733,31.691666,97.75895
0.77214086,2.4966722,3.8919663,224.99144,29.117388,93.24239
0.78374183,2.780891,4.724348,212.6703,18.135386,94.00714
1.061717,2.5632496,4.8375006,178.10521,24.938238,95.92162
0.723173,2.5840394,6.246087,267.1773,15.433744,71.38909
0.6930485,2.7966006,4.412466,218.95703,41.2637,103.05143
0.7499191,2.4245622,4.4684367,248.61224,23.378931,100.881004
1.1661216,2.7860677,5.669445,195.45581,25.811998,99.283134
0.68645245,2.617337,4.014185,223.83586,37.910275,93.64011
0.6848878,2.480339,3.3899174,216.28427,34.36205,100.87879
0.7417796,2.9003284,4.607626,216.3246,29.345976,92.4307
0.76948494,2.395364,3.3823242,217.70128,20.918795,91.86056
0.73567474,2.3522623,3.8296468,229.67496,31.195349,91.30342
0.7875636,2.4318926,4.146571,190.97607,13.48186,70.42448
0.7870207,2.2558877,3.5600936,236.77225,19.39135,118.22259
0.8148045,2.299479,3.2786615,200.76901,25.984047,83.032326
0.77930415,2.5011013,3.145532,208.7761,25.829378,81.82169
0.6541186,2.5713055,3.502467,209.06798,17.240482,76.61192
0.84325594,2.5780182,4.5059786,212.26414,24.946129,85.70389
0.7166721,2.910151,4.583214,222.55182,31.3,102.577446
0.7276905,2.3762126,3.9671476,227.17392,29.348997,92.87627
0.6791763,2.369134,3.7534373,235.00687,31.866665,99.11914
0.7780453,2.408311,3.747889,192.49182,14.256381,72.16829
0.7598664,2.3273919,6.751425,266.10522,16.630178,77.51305
0.6999259,2.5649285,4.042262,208.29482,37.77476,100.73281
1.1584615,2.3999825,5.2437944,180.4338,24.172064,93.00235
0.64188725,2.6224165,6.9434986,280.46753,15.845187,67.8424
0.6929499,2.5027845,3.180751,203.88535,36.439594,91.96057
0.73636794,2.75901,4.3671284,214.79922,30.212076,90.00404
1.1212468,2.4822829,5.0730066,183.84337,27.17446,90.78286
0.8912599,2.8441436,5.3282337,220.14294,25.485807,86.645195
0.67550355,2.5414705,6.70413,273.35,15.059649,73.57249
0.72979003,2.6727383,3.9582157,213.04077,17.094341,88.29642
0.70698786,2.3825693,7.052672,255.30746,15.470382,88.33693
0.73010087,2.5356026,3.8987496,220.08649,33.754253,92.89704
0.8073891,2.6711228,4.093233,224.19936,16.716057,84.77135
0.83521277,3.073868,6.1122866,227.55533,25.47978,80.44343
0.80353445,2.563646,3.98654,180.36224,13.746809,72.90567
1.0959888,2.4022508,5.184115,182.6005,25.95622,90.03636
0.790591,2.465115,4.738468,204.3921,13.568516,70.416756
0.71590227,2.3884919,3.4433644,203.76775,22.25498,90.94378
0.68513817,2.5678911,4.2158313,218.81424,37.97425,100.46289
0.87723726,2.6281576,5.4542274,220.62445,28.36746,83.18569
0.768712,2.475983,5.01295,190.74281,13.434974,72.14744
0.69602203,2.4976606,3.4242122,205.64638,37.5133,104.45805
0.73997635,2.9959524,5.791006,226.52567,18.578503,86.32205
0.7331765,2.6020808,3.2408962,215.92412,24.703,83.131165
0.76100194,2.5610666,3.8115087,215.9993,18.825872,90.92765
0.68708575,2.4976845,3.2792506,223.95105,37.915897,99.17175
1.1832289,2.6817489,5.892567,194.91591,25.252346,95.98197
1.1018163,2.4524987,4.4124436,188.41393,25.064266,89.5993
0.74494153,2.5097847,3.9680037,229.25272,28.631006,81.965866
0.8468892,2.607218,5.552194,228.44508,21.285484,89.94205
0.73882115,2.5859737,3.9707642,206.7184,17.99055,83.41957
0.9430855,2.4946532,3.5485206,184.8562,34.375374,105.03149
0.7241655,2.6902664,4.4805465,212.27599,18.700754,80.28034
0.653079,2.6477244,3.2777448,214.4159,37.09846,102.307556
0.72365814,2.3761117,6.9078336,267.71765,14.28045,77.50872
0.8781584,2.6338592,5.5900164,223.94592,29.560516,79.81368
0.734996,2.6490104,3.9229875,208.79979,35.401337,96.87976
1.1049134,2.468793,4.43358,196.45674,24.162897,91.54712
1.1385057,2.4521568,4.800118,178.05333,23.860544,96.72591
0.82111883,2.4491715,3.625092,186.051,15.211905,74.58072
0.6498939,2.5619197,3.8215766,237.6509,27.063955,95.58051
0.70183885,2.7300863,3.9980974,221.47719,35.358765,99.56617
0.6813657,2.560931,3.5985696,214.50874,37.218067,93.77603
0.83542544,2.6399195,3.9568315,214.18822,26.997787,79.2306
0.7923737,2.6027565,3.7073803,219.27287,28.776,92.22299
0.7290209,2.8336585,4.20792,210.43893,39.08915,93.59519
0.7198386,2.65621,4.345334,241.77661,16.323524,113.40988
0.678481,2.502627,6.614746,275.31662,14.246432,69.90656
0.7484826,2.7067637,4.0890326,210.36649,27.725939,84.807495
0.8156947,2.657295,5.380125,220.62445,30.380014,94.89931
0.873366,2.8284774,5.440524,219.80698,28.38409,90.87026
0.7108662,2.6015866,4.1714463,217.02861,41.82979,93.786766
0.7216828,2.7121596,3.8212943,206.65572,35.843376,95.33063
0.67947644,2.517572,3.2842598,208.9187,35.18161,99.46822
0.8032856,2.2881327,3.4288313,234.53221,17.928385,94.88921
0.7495654,2.5702085,3.14265,204.50314,23.785496,79.838844
0.7650642,2.3560383,6.6322165,263.59613,14.704436,77.179115
1.1865367,2.7237167,5.220591,176.58855,25.972527,91.762886
0.7094633,2.5645587,3.587635,208.0927,34.605465,96.20737
0.7124161,2.7226343,6.212163,264.49332,13.944203,75.140434
0.7739492,2.340425,3.0767708,210.9489,26.152302,79.69005
0.6856451,2.6882124,4.046778,215.16899,36.812725,100.99084
1.085329,2.4722795,4.7366,183.62549,27.002455,88.97803
0.7334369,2.4026265,3.2741613,209.27704,21.630783,77.58523
0.69928783,2.5708053,3.306575,203.91997,32.249012,105.43196
1.0994929,2.423859,4.3303714,194.29845,25.033073,91.17777
0.68393356,2.5466735,6.7748294,277.98386,16.471167,67.80737
0.7945572,2.5339224,4.2154193,229.6984,25.601,99.03042
0.79460233,2.3681486,3.4917247,197.42833,12.264096,69.462364
0.78475547,2.248152,3.3976886,211.59143,29.48769,79.14429
0.8742741,2.7661738,5.646154,227.85828,32.89067,84.561295
0.75961536,2.3672073,3.1020303,202.95726,24.92251,82.69347
0.68516326,2.5588636,6.0216317,256.37137,13.451515,73.91738
1.1451472,2.4401262,5.2833133,185.47913,24.356264,95.584885
0.7753819,2.3682232,4.083485,234.44087,22.669071,93.952156
0.6838819,2.3069415,6.5099277,248.10349,15.267252,87.04448
0.86390394,2.6700757,4.7910237,206.61029,22.409649,85.0163
0.77094936,2.406265,3.5437503,214.65875,28.978558,89.447845
0.6998305,2.4607213,3.4077282,218.77565,25.208193,111.95791
0.7757649,2.4545133,4.0993376,194.78323,14.457374,69.12376
0.7219878,2.9463458,4.4518585,220.04587,33.02889,105.67683
0.86839956,2.729527,5.4873734,218.47592,29.779686,90.855225
0.749965,2.9386141,4.0957427,220.02405,38.124477,99.88306
0.8771722,2.7242296,4.850284,224.05893,30.336203,86.33711
0.6998904,2.5709412,3.5165868,209.75659,37.212753,96.945656
1.0714835,2.3480487,5.0592,180.9185,24.779648,90.19703
0.7864558,2.5627282,5.0045147,182.219,14.494054,75.96941
0.81572115,2.5925636,4.4907513,222.44423,29.537401,90.45166
0.8141031,2.8656683,4.5099025,211.61261,27.775965,87.02946
0.78362906,3.000943,5.1612744,225.19408,29.850067,105.283806
0.68200046,2.5754597,3.6431131,225.43646,27.332914,96.44488
0.78706485,3.202489,5.574894,220.80379,32.352043,102.71117
0.6594026,2.5501807,6.7808933,251.65437,16.777605,80.30017
0.7135397,2.6992905,4.25516,240.00597,25.322596,109.872574
0.828022,2.2988236,3.4945438,184.41327,25.220083,89.08935
1.101486,2.4898784,5.177925,180.74562,27.183784,89.2482
1.1699841,2.651809,5.24587,181.35745,22.918707,94.682846
0.6687735,2.7265747,6.6872683,267.53174,14.774388,73.639496
0.653521,2.5807974,3.1686482,224.33229,32.31222,92.42048
1.1583086,2.7869618,5.5708423,220.85918,27.903658,95.223495
0.7935022,2.677948,3.962441,221.79889,23.673227,87.48647
0.6367956,2.4815748,6.4239964,251.9733,16.149282,79.902596
0.69474095,2.576466,3.605455,207.90544,33.850372,97.684906
0.7627606,2.361648,3.201059,207.04512,21.389921,92.96652
0.69981056,2.483532,6.9927354,283.92084,18.525814,75.064224
0.83654344,3.0311592,5.557242,213.5598,26.918795,84.39316
0.77583605,2.4116914,6.607267,254.7092,15.4697695,77.24598
0.7074812,2.687558,3.7468338,211.20706,35.586697,98.09656
1.1394163,2.4298048,5.470102,194.5636,25.03277,100.85037
0.7785292,2.5552604,3.428827,215.32224,20.626728,95.71725
0.81383306,2.4798746,3.7967558,217.51566,13.46582,71.958374
0.8950487,3.0346594,6.0303764,224.92107,27.139639,86.64135
0.70148283,2.603328,4.3691125,222.13885,42.053833,96.06993
0.6447773,2.2229252,3.2051463,245.28807,26.037796,99.071175
0.8036674,2.4626427,3.5711174,193.22198,14.092896,67.97753
0.6804996,2.4266107,8.055804,296.05298,14.6725645,68.93926
1.1444857,2.5065482,5.2553935,181.679,23.955605,92.30791
0.70858705,2.505688,4.8319316,227.89348,16.979786,105.31875
0.813955,2.6451037,5.2401137,220.23482,29.579792,90.00726
0.8224573,2.6258774,5.2964873,220.87256,29.010246,85.236465
0.7837236,2.6702127,4.3316073,210.32056,28.222893,86.66582
0.89428425,2.8157015,6.1617756,229.01758,30.690643,97.00619
1.1287624,2.4122758,4.9953895,194.8478,22.103527,91.86678
0.7615076,2.482693,3.413719,208.9696,28.938934,79.34841
0.6684479,2.4468844,3.5444496,200.82167,14.467618,71.968666
0.8292723,2.604116,4.824669,220.81085,29.240286,85.91989
0.71207494,2.377142,6.5752797,252.31294,14.030081,74.51226
0.67477906,2.5576003,3.4155245,210.22069,35.23519,98.30606
0.68052226,2.4323485,6.5562835,258.47354,15.5986,82.3853
0.8274212,2.4747481,4.4604564,196.65553,15.829105,75.80184
1.1294174,2.561652,4.352284,191.83711,26.303875,93.49015
0.790937,2.4007761,4.4053855,194.20035,14.198326,73.424904
0.66746634,2.684663,6.0713043,282.33548,14.700496,68.406166
1.126293,2.4251752,7.028211,201.47446,26.621445,90.74893
1.1497712,2.449264,4.6809797,180.03032,22.968344,93.248795
0.72500473,2.698029,4.373389,225.77544,18.434536,80.09833
0.7943835,2.497305,3.9989793,227.08847,28.929365,80.17418
0.81167704,2.5170143,3.8108053,214.77853,26.850487,83.47819
